Workbook
Name _________________________________________div1: #REF!
Name _______________________________s2: #REF!
Name ________________________UA1: #REF!
Name ________________________UA10: #REF!
Name ________________________UA2: #REF!
Name ________________________UA3: #REF!
Name ________________________UA4: #REF!
Name ________________________UA5: #REF!
Name ________________________UA6: #REF!
Name ________________________UA7: #REF!
Name ________________________UA8: #REF!
Name ________________________UA9: #REF!
Name _______________________UA1: #REF!
Name _______________________UA10: #REF!
Name _______________________UA2: #REF!
Name _______________________UA3: #REF!
Name _______________________UA4: #REF!
Name _______________________UA5: #REF!
Name _______________________UA6: #REF!
Name _______________________UA7: #REF!
Name _______________________UA8: #REF!
Name _______________________UA9: #REF!
Name ______________________div1: #REF!
Name ______________________UA1: #REF!
Name ______________________UA10: #REF!
Name ______________________UA2: #REF!
Name ______________________UA3: #REF!
Name ______________________UA4: #REF!
Name ______________________UA5: #REF!
Name ______________________UA6: #REF!
Name ______________________UA7: #REF!
Name ______________________UA8: #REF!
Name ______________________UA9: #REF!
Name _____________________div1: #REF!
Name _____________________UA1: #REF!
Name _____________________UA10: #REF!
Name _____________________UA2: #REF!
Name _____________________UA3: #REF!
Name _____________________UA4: #REF!
Name _____________________UA5: #REF!
Name _____________________UA6: #REF!
Name _____________________UA7: #REF!
Name _____________________UA8: #REF!
Name _____________________UA9: #REF!
Name ____________________div1: #REF!
Name ____________________s1: #REF!
Name ____________________UA1: #REF!
Name ____________________UA10: #REF!
Name ____________________UA2: #REF!
Name ____________________UA3: #REF!
Name ____________________UA4: #REF!
Name ____________________UA6: #REF!
Name ____________________UA7: #REF!
Name ____________________UA8: #REF!
Name ___________________UA1: #REF!
Name ___________________UA10: #REF!
Name ___________________UA2: #REF!
Name ___________________UA3: #REF!
Name ___________________UA4: #REF!
Name ___________________UA5: #REF!

Sheet 15.02.23 (ALL)
A1: Functional Loc. | B1: MaintPlant | C1: Model number | D1: StrIndicator | E1: FunctLocCat. | F1: Description | G1: SupFunctLoc. | H1: No. K A I | I1: Cost Center | J1: Planner group | K1: Main WorkCtr | L1: Catalog profile | M1: Start Point | N1: End Point | O1: Length | P1: User status | Q1: Kapasitas | R1: ManufSerialNo. | S1: Manufacturer | T1: System status
A2: AXL11468 | B2: B010 | C2: ZPD 43 | D2: KAIP2 | E2: L | F2: AXLE COUNTER ZP 60 BOO | G2: JAKBOOD01-THU1-ST_BOO-SDF001 | H2: AXC.ZP60.BOO | I2: 21022115 | J2: OSV | K2: S1.21 | L2: SE | M2: 54,678 | N2: 54,678 | O2: 0,000 | P2: TS BMN | S2: SIEMENS | T2: CRTE
A3: AXL11469 | B3: B010 | C3: ZPD 43 | D3: KAIP2 | E3: L | F3: AXLE COUNTER ZP 61 BOO | G3: JAKBOOD01-THU1-ST_BOO-SDF002 | H3: AXC.ZP61.BOO | I3: 21022115 | J3: OSV | K3: S1.21 | L3: SE | M3: 54,688 | N3: 54,688 | O3: 0,000 | P3: TS BMN | S3: SIEMENS | T3: CRTE
A4: AXL11470 | B4: B010 | C4: ZPD 43 | D4: KAIP2 | E4: L | F4: AXLE COUNTER ZP 62A BOO | G4: JAKBOOD01-THU1-ST_BOO-SDF003 | H4: AXC.ZP62A.BOO | I4: 21022115 | J4: OSV | K4: S1.21 | L4: SE | M4: 54,770 | N4: 54,770 | O4: 0,000 | P4: TS BMN | S4: SIEMENS | T4: CRTE
A5: AXL11471 | B5: B010 | C5: ZPD 43 | D5: KAIP2 | E5: L | F5: AXLE COUNTER ZP 42C BOO | G5: JAKBOOD01-THU1-ST_BOO-SDF004 | H5: AXC.ZP42C.BOO | I5: 21022115 | J5: OSV | K5: S1.21 | L5: SE | M5: 54,872 | N5: 54,872 | O5: 0,000 | P5: TS BMN | S5: SIEMENS | T5: CRTE
A6: AXL11472 | B6: B010 | C6: ZPD 43 | D6: KAIP2 | E6: L | F6: AXLE COUNTER ZP 41B BOO | G6: JAKBOOD01-THU1-ST_BOO-SDF005 | H6: AXC.ZP41B.BOO | I6: 21022115 | J6: OSV | K6: S1.21 | L6: SE | M6: 54,729 | N6: 54,729 | O6: 0,000 | P6: TS BMN | S6: SIEMENS | T6: CRTE
A7: AXL11473 | B7: B010 | C7: ZPD 43 | D7: KAIP2 | E7: L | F7: AXLE COUNTER ZP 42A BOO | G7: JAKBOOD01-THU1-ST_BOO-SDF006 | H7: AXC.ZP42A.BOO | I7: 21022115 | J7: OSV | K7: S1.21 | L7: SE | M7: 54,568 | N7: 54,568 | O7: 0,000 | P7: TS BMN | S7: SIEMENS | T7: CRTE
A8: AXL11474 | B8: B010 | C8: ZPD 43 | D8: KAIP2 | E8: L | F8: AXLE COUNTER ZP 42B BOO | G8: JAKBOOD01-THU1-ST_BOO-SDF007 | H8: AXC.ZP42B.BOO | I8: 21022115 | J8: OSV | K8: S1.21 | L8: SE | M8: 54,770 | N8: 54,770 | O8: 0,000 | P8: TS BMN | S8: SIEMENS | T8: CRTE
A9: AXL11475 | B9: B010 | C9: ZPD 43 | D9: KAIP2 | E9: L | F9: AXLE COUNTER ZP 62B BOO | G9: JAKBOOD01-THU1-ST_BOO-SDF008 | H9: AXC.ZP62B.BOO | I9: 21022115 | J9: OSV | K9: S1.21 | L9: SE | M9: 54,872 | N9: 54,872 | O9: 0,000 | P9: TS BMN | S9: SIEMENS | T9: CRTE
A10: AXL11476 | B10: B010 | C10: ZPD 43 | D10: KAIP2 | E10: L | F10: AXLE COUNTER ZP 23A BOO | G10: JAKBOOD01-THU1-ST_BOO-SDF009 | H10: AXC.ZP23A.BOO | I10: 21022115 | J10: OSV | K10: S1.21 | L10: SE | M10: 54,965 | N10: 54,965 | O10: 0,000 | P10: TS BMN | S10: SIEMENS | T10: CRTE
A11: AXL11477 | B11: B010 | C11: ZPD 43 | D11: KAIP2 | E11: L | F11: AXLE COUNTER ZP 23B BOO | G11: JAKBOOD01-THU1-ST_BOO-SDF010 | H11: AXC.ZP23B.BOO | I11: 21022115 | J11: OSV | K11: S1.21 | L11: SE | M11: 54,965 | N11: 54,965 | O11: 0,000 | P11: TS BMN | S11: SIEMENS | T11: CRTE
A12: AXL11478 | B12: B010 | C12: ZPD 43 | D12: KAIP2 | E12: L | F12: AXLE COUNTER ZP 24B BOO | G12: JAKBOOD01-THU1-ST_BOO-SDF011 | H12: AXC.ZP24B.BOO | I12: 21022115 | J12: OSV | K12: S1.21 | L12: SE | M12: 55,054 | N12: 55,054 | O12: 0,000 | P12: TS BMN | S12: SIEMENS | T12: CRTE
A13: AXL11479 | B13: B010 | C13: ZPD 43 | D13: KAIP2 | E13: L | F13: AXLE COUNTER ZP 24A BOO | G13: JAKBOOD01-THU1-ST_BOO-SDF012 | H13: AXC.ZP24A.BOO | I13: 21022115 | J13: OSV | K13: S1.21 | L13: SE | M13: 55,022 | N13: 55,022 | O13: 0,000 | P13: TS BMN | S13: SIEMENS | T13: CRTE
... A140: AXL11707 | B140: B010 | C140: ZPD 43 | D140: KAIP2 | E140: L | F140: AXLE COUNTER ZP 10B CLT | G140: JAKBOOD01-THU1-ST_CLT-SDF014 | H140: AXC.ZP10B.CLT | I140: 21022115 | J140: OSV | K140: S1.21 | L140: SE | M140: 47,087 | N140: 47,087 | O140: 0,000 | P140: TS BMN | S140: SIEMENS | T140: CRTE
A141: BOOYK_D01-THU1-ST_MSG-SBF006 | B141: B010 | D141: KAIL2 | E141: L | F141: SINYAL MASUK J10 MSG | G141: BOOYK_D01-THU1-ST_MSG | K141: S1.21 | L141: SE | M141: 13,685 | N141: 13,685 | O141: 0,000 | P141: ACT NOMA | T141: CRTE
A142: CDA10061 | B142: B010 | D142: KAIP2 | E142: L | F142: CATU DAYA ER SINYAL BOO | G142: ST_BOOD01-ER | H142: CD.ER.SYL.BOO | I142: 21022115 | J142: OSV | K142: S1.21 | L142: CD | M142: 54,886 | N142: 54,886 | O142: 0,000 | P142: TS BMN | T142: CRTE
A143: CDA10062 | B143: B010 | D143: KAIP2 | E143: L | F143: CATU DAYA ER SINYAL BOP | G143: ST_BOPD01-ER | H143: CD.ER.SYL.BOP | I143: 21022115 | J143: OSV | K143: S1.21 | L143: CD | M143: 0,450 | N143: 0,450 | O143: 0,000 | P143: TS BMN | T143: CRTE
A144: CDA10063 | B144: B010 | D144: KAIP2 | E144: L | F144: CATU DAYA ER SINYAL BTT | G144: ST_BTTD01-ER | H144: CD.ER.SYL.BTT | I144: 21022115 | J144: OSV | K144: S1.21 | L144: CD | M144: 4,378 | N144: 4,378 | O144: 0,000 | P144: TS BMN | T144: CRTE
A145: CDA10064 | B145: B010 | D145: KAIP2 | E145: L | F145: CATU DAYA ER SINYAL IB COS | G145: ST_CS_D01-ER | H145: CD.ER.SYL.IB.COS | I145: 21022115 | J145: OSV | K145: S1.21 | L145: CD | M145: 9,445 | N145: 9,445 | O145: 0,000 | P145: TS BMN | T145: CRTE
A146: CDA10065 | B146: B010 | D146: KAIP2 | E146: L | F146: CATU DAYA ER SINYAL MSG | G146: ST_MSGD01-ER | H146: CD.ER.SYL.MSG | I146: 21022115 | J146: OSV | K146: S1.21 | L146: CD | M146: 14,096 | N146: 14,096 | O146: 0,000 | P146: TS BMN | T146: CRTE
A147: CDA10066 | B147: B010 | D147: KAIP2 | E147: L | F147: CATU DAYA ER SINYAL IB CGB | G147: ST_CGBD01-ER | H147: CD.ER.SYL.IB.CGB | I147: 21022115 | J147: OSV | K147: S1.21 | L147: CD | M147: 19,620 | N147: 19,620 | O147: 0,000 | P147: TS BMN | T147: CRTE
A148: CDA10068 | B148: B010 | D148: KAIP2 | E148: L | F148: CATU DAYA ER RADIO CIOMAS | G148: ST_CS_D01-RAD | H148: CD.ER.RADIO.COS | I148: 21022115 | J148: OSV | K148: S1.21 | L148: CD | M148: 9,445 | N148: 9,445 | O148: 0,000 | P148: TS BMN | T148: CRTE
A149: CDA10069 | B149: B010 | D149: KAIP2 | E149: L | F149: CATU DAYA ER SINYAL CLT | G149: ST_CLTD01-ER | H149: CD.ER.SYL.CLT | I149: 21022115 | J149: OSV | K149: S1.21 | L149: CD | M149: 47,249 | N149: 47,249 | O149: 0,000 | P149: TS BMN | T149: CRTE
A150: CDA10070 | B150: B010 | D150: KAIP2 | E150: L | F150: GENSET ER SINYAL CLT | I150: 21022115 | J150: OSV | K150: S1.21 | L150: CD | M150: 47,249 | N150: 47,249 | O150: 0,000 | P150: SC BMN | S150: YANMAR | T150: INAC
A151: INB10008 | B151: B010 | D151: KAIP2 | E151: L | F151: KONTAK DETEKSI BTT DARI BOO | H151: KD.CDG-KEN | I151: 21022115 | J151: OSV | K151: S1.21 | L151: SM | P151: SC BMN | T151: INAC
A152: INB10238 | B152: B010 | D152: KAIP2 | E152: L | F152: CATU DAYA ER CLT | K152: S1.21 | M152: 0,000 | N152: 0,000 | O152: 0,000 | P152: SC BMN | T152: INAC
A153: INB10239 | B153: B010 | D153: KAIP2 | E153: L | F153: PANEL LCP CLT | H153: LCP.CLT | I153: 21022115 | J153: OSV | K153: S1.21 | L153: SE | P153: SC BMN | T153: INAC DLFL
A154: INB10240 | B154: B010 | D154: KAIP2 | E154: L | F154: INTERLOCKING ELEKTRIK SSI 10 BOO | K154: S1.21 | M154: 0,000 | N154: 0,000 | O154: 0,000 | P154: SC BMN | T154: INAC
A155: INB10241 | B155: B010 | D155: KAIP2 | E155: L | F155: INTERLOCKING ELEKTRIK SSI 11 BOO | K155: S1.21 | M155: 0,000 | N155: 0,000 | O155: 0,000 | P155: SC BMN | T155: INAC
A156: INB10242 | B156: B010 | D156: KAIP2 | E156: L | F156: DATA LOGGER BOO | K156: S1.21 | M156: 0,000 | N156: 0,000 | O156: 0,000 | P156: SC BMN | T156: INAC
A157: INB10243 | B157: B010 | D157: KAIP2 | E157: L | F157: CTS BOO | K157: S1.21 | M157: 0,000 | N157: 0,000 | O157: 0,000 | P157: SC BMN | T157: INAC
A158: INB10244 | B158: B010 | D158: KAIP2 | E158: L | F158: TECHNICIAN TERMINAL BOO | K158: S1.21 | M158: 0,000 | N158: 0,000 | O158: 0,000 | P158: SC BMN | T158: INAC
A159: INB10245 | B159: B010 | D159: KAIP2 | E159: L | F159: ER RACK A BOO | K159: S1.21 | M159: 0,000 | N159: 0,000 | O159: 0,000 | P159: SC BMN | T159: INAC
A160: INB10246 | B160: B010 | D160: KAIP2 | E160: L | F160: ER RACK B BOO | K160: S1.21 | M160: 0,000 | N160: 0,000 | O160: 0,000 | P160: SC BMN | T160: INAC
A161: INB10247 | B161: B010 | D161: KAIP2 | E161: L | F161: ER RACK C BOO | K161: S1.21 | M161: 0,000 | N161: 0,000 | O161: 0,000 | P161: SC BMN | T161: INAC
A162: INB10248 | B162: B010 | D162: KAIP2 | E162: L | F162: ER RACK D BOO | K162: S1.21 | M162: 0,000 | N162: 0,000 | O162: 0,000 | P162: SC BMN | T162: INAC
A163: INB10249 | B163: B010 | D163: KAIP2 | E163: L | F163: ER RACK E BOO | K163: S1.21 | M163: 0,000 | N163: 0,000 | O163: 0,000 | P163: SC BMN | T163: INAC
A164: INB10250 | B164: B010 | D164: KAIP2 | E164: L | F164: CATU DAYA ER BOO | K164: S1.21 | M164: 0,000 | N164: 0,000 | O164: 0,000 | P164: SC BMN | T164: INAC
A165: INB10251 | B165: B010 | C165: S&H | D165: KAIP2 | E165: L | F165: INTERLOCKING MEKANIK BTT | H165: ILM.BTT | I165: 21022115 | J165: OSV | K165: S1.21 | L165: SM | P165: SC BMN | S165: SIEMENS | T165: INAC DLFL
A166: INB10252 | B166: B010 | C166: S&H | D166: KAIP2 | E166: L | F166: INTERLOCKING MEKANIK MSG | H166: ILM.MSG | I166: 21022115 | J166: OSV | K166: S1.21 | L166: SM | P166: SC BMN | S166: SIEMENS | T166: INAC DLFL
A167: INB10253 | B167: B010 | D167: KAIP2 | E167: L | F167: INTERLOCKING MEKANIK CGB | I167: 21022115 | J167: OSV | K167: S1.21 | L167: SM | M167: 0,000 | N167: 0,000 | O167: 0,000 | P167: SC | T167: INAC
A168: INB10260 | B168: B010 | D168: KAIP2 | E168: L | F168: KONTAK DETEKSI BTT DARI BOO | H168: KD.BTT-BOO | I168: 21022115 | J168: OSV | K168: S1.21 | L168: SM | P168: SC BMN | T168: INAC
A169: INB10261 | B169: B010 | D169: KAIP2 | E169: L | F169: KONTAK DETEKSI BTT DARI MSG | H169: KD.BTT-MSG | I169: 21022115 | J169: OSV | K169: S1.21 | L169: SM | P169: SC BMN | T169: INAC
A170: INB10262 | B170: B010 | D170: KAIP2 | E170: L | F170: KONTAK DETEKSI MSG DARI BTT | H170: KD.MSG-BTT | I170: 21022115 | J170: OSV | K170: S1.21 | L170: SM | P170: SC BMN | T170: INAC
A171: INB10263 | B171: B010 | D171: KAIP2 | E171: L | F171: KONTAK DETEKSI MSG DARI CGB | I171: 21022115 | J171: OSV | K171: S1.21 | L171: SM | M171: 0,000 | N171: 0,000 | O171: 0,000 | P171: SC | T171: INAC
A172: INB10264 | B172: B010 | D172: KAIP2 | E172: L | F172: KONTAK DETEKSI CGB DARI MSG | I172: 21022115 | J172: OSV | K172: S1.21 | L172: SM | M172: 0,000 | N172: 0,000 | O172: 0,000 | P172: SC | T172: INAC
A173: INB10265 | B173: B010 | D173: KAIP2 | E173: L | F173: KONTAK DETEKSI CGB DARI CCR | H173: KD.CGB-CCR | I173: 21022115 | J173: OSV | K173: S1.21 | L173: SM | M173: 0,000 | N173: 0,000 | O173: 0,000 | P173: SC BMN | T173: INAC
A174: INB10266 | B174: B010 | D174: KAIP2 | E174: L | F174: KONTAK DETEKSI CCR DARI CGB | I174: 21022115 | J174: OSV | K174: S1.21 | L174: SM | M174: 0,000 | N174: 0,000 | O174: 0,000 | P174: SC | T174: INAC
A175: INB10303 | B175: B010 | D175: KAIP2 | E175: L | F175: CATU DAYA ER BTT | H175: CD.ER.BTT | I175: 21022115 | J175: OSV | K175: S1.21 | L175: CD | P175: TS BMN | T175: INAC
A176: INB10304 | B176: B010 | D176: KAIP2 | E176: L | F176: CATU DAYA ER MSG | H176: CD.ER.MSG | I176: 21022115 | J176: OSV | K176: S1.21 | L176: CD | P176: TS BMN | T176: INAC
A177: INB10305 | B177: B010 | D177: KAIP2 | E177: L | F177: CATU DAYA ER TELEKOMUNIKASI CGB | H177: CD.ER.TLK.CGB | I177: 21022115 | J177: OSV | K177: S1.21 | L177: CD | P177: TS BMN | T177: INAC
A178: INB10306 | B178: B010 | D178: KAIP2 | E178: L | F178: GENSET BTT | H178: GENSET.ER.BTT | I178: 21022115 | J178: OSV | K178: S1.21 | L178: CD | P178: TS BMN | S178: YANMAR | T178: INAC
A179: INB10307 | B179: B010 | D179: KAIP2 | E179: L | F179: GENSET MSG | H179: GENSET.ER.MSG | I179: 21022115 | J179: OSV | K179: S1.21 | L179: CD | P179: TS BMN | S179: YANMAR | T179: INAC
A180: INB10308 | B180: B010 | D180: KAIP2 | E180: L | F180: GENSET CGB | H180: GENSET.ER.CGB | I180: 21022115 | J180: OSV | K180: S1.21 | L180: CD | P180: TS BMN | S180: YANMAR | T180: INAC
A181: INB10309 | B181: B010 | D181: KAIP2 | E181: L | F181: GENSET BOO | I181: 21022115 | J181: OSV | K181: S1.21 | L181: CD | M181: 54,800 | N181: 54,800 | O181: 0,000 | P181: SC BMN | T181: INAC
A182: INB10314 | B182: B010 | D182: KAIP2 | E182: L | F182: PC VDU BOO | K182: S1.21 | M182: 0,000 | N182: 0,000 | O182: 0,000 | P182: SC BMN | T182: INAC
A183: INB10315 | B183: B010 | D183: KAIP2 | E183: L | F183: PC VDU CLT | K183: S1.21 | M183: 0,000 | N183: 0,000 | O183: 0,000 | P183: SC BMN | T183: INAC
A184: INB10339 | B184: B010 | D184: KAIP2 | E184: L | F184: CTS CLT | K184: S1.21 | M184: 0,000 | N184: 0,000 | O184: 0,000 | P184: SC BMN | T184: INAC
A185: INB10371 | B185: B010 | C185: SSI | D185: KAIP2 | E185: L | F185: INTERLOCKING SSI CLT | H185: ILE.SSI.CLT | I185: 21022115 | J185: OSV | K185: S1.21 | L185: SE | P185: SC BMN | S185: SSI | T185: INAC DLFL
A186: INB10424 | B186: B010 | D186: KAIP2 | E186: L | F186: PANEL PELAYANAN CLT | K186: S1.21 | P186: SC BMN | T186: INAC
A187: INB10425 | B187: B010 | D187: KAIP2 | E187: L | F187: PANEL PELAYANAN BOO | K187: S1.21 | M187: 0,000 | N187: 0,000 | O187: 0,000 | P187: SC BMN | T187: INAC
A188: INB10512 | B188: B010 | D188: KAIP2 | E188: L | F188: PANEL PELAYANAN VDU 1 BOO | G188: ST_BOOD01-BOOA | H188: PC.VDU.1.BOO | I188: 21022115 | J188: OSV | K188: S1.21 | L188: SE | M188: 54,886 | N188: 54,886 | O188: 0,000 | P188: TS BMN | T188: CRTE
A189: INB10513 | B189: B010 | D189: KAIP2 | E189: L | F189: PANEL PELAYANAN VDU 2 BOO | G189: ST_BOOD01-BOOA | H189: PC.VDU.2.BOO | I189: 21022115 | J189: OSV | K189: S1.21 | L189: SE | M189: 54,886 | N189: 54,886 | O189: 0,000 | P189: TS BMN | T189: CRTE
A190: INB10514 | B190: B010 | D190: KAIP2 | E190: L | F190: PANEL PELAYANAN VDU 1 BOP | G190: ST_BOPD01-BOOA | H190: PC.VDU.1.BOP | I190: 21022115 | J190: OSV | K190: S1.21 | L190: SE | M190: 0,412 | N190: 0,412 | O190: 0,000 | P190: TS BMN | T190: CRTE
A191: INB10515 | B191: B010 | D191: KAIP2 | E191: L | F191: PANEL PELAYANAN VDU 2 BOP | G191: ST_BOPD01-BOOA | H191: PC.VDU.2.BOP | I191: 21022115 | J191: OSV | K191: S1.21 | L191: SE | M191: 0,412 | N191: 0,412 | O191: 0,000 | P191: TS BMN | T191: CRTE
A192: INB10516 | B192: B010 | D192: KAIP2 | E192: L | F192: PANEL PELAYANAN VDU BTT | G192: ST_BTTD01-BOOA | H192: PC.VDU.BTT | I192: 21022115 | J192: OSV | K192: S1.21 | L192: SE | M192: 4,378 | N192: 4,378 | O192: 0,000 | P192: TS BMN | T192: CRTE
A193: INB10517 | B193: B010 | D193: KAIP2 | E193: L | F193: PANEL PELAYANAN VDU 1 MSG | G193: ST_MSGD01-BOOA | H193: PC.VDU.1.MSG | I193: 21022115 | J193: OSV | K193: S1.21 | L193: SE | M193: 14,096 | N193: 14,096 | O193: 0,000 | P193: TS BMN | T193: CRTE
A194: INB10518 | B194: B010 | D194: KAIP2 | E194: L | F194: PANEL PELAYANAN VDU 2 MSG | G194: ST_MSGD01-BOOA | H194: PC.VDU.2.MSG | I194: 21022115 | J194: OSV | K194: S1.21 | L194: SE | M194: 14,096 | N194: 14,096 | O194: 0,000 | P194: TS BMN | T194: CRTE
A195: INB10519 | B195: B010 | C195: SIL-02 (HIMAX) | D195: KAIP2 | E195: L | F195: INTERLOCKING SIL SAFE 4000 BOO | G195: ST_BOOD01-ER | H195: IL.SIL.SAFE4000.BOO | I195: 21022115 | J195: OSV | K195: S1.21 | L195: SE | M195: 54,886 | N195: 54,886 | O195: 0,000 | P195: TS BMN | Q195: SIL 02 NEXT-G | S195: LEN | T195: CRTE
A196: INB10520 | B196: B010 | C196: SIL-02 (HIMAX) | D196: KAIP2 | E196: L | F196: INTERLOCKING SIL SAFE 4000 BOP | G196: ST_BOPD01-ER | H196: IL.SIL.SAFE4000.BOP | I196: 21022115 | J196: OSV | K196: S1.21 | L196: SE | M196: 0,425 | N196: 0,425 | O196: 0,000 | P196: TS BMN | Q196: SIL 02 NEXT-G | S196: LEN | T196: CRTE
A197: INB10521 | B197: B010 | C197: SIL-02 (HIMAX) | D197: KAIP2 | E197: L | F197: INTERLOCKING SIL SAFE 4000 BTT | G197: ST_BTTD01-ER | H197: IL.SIL.SAFE4000.BTT | I197: 21022115 | J197: OSV | K197: S1.21 | L197: SE | M197: 4,378 | N197: 4,378 | O197: 0,000 | P197: TS BMN | Q197: SIL 02 NEXT-G | S197: LEN | T197: CRTE
A198: INB10522 | B198: B010 | C198: SIL-02 (HIMAX) | D198: KAIP2 | E198: L | F198: INTERLOCKING SIL SAFE 4000 MSG | G198: ST_MSGD01-ER | H198: IL.SIL.SAFE4000.MSG | I198: 21022115 | J198: OSV | K198: S1.21 | L198: SE | M198: 14,096 | N198: 14,096 | O198: 0,000 | P198: TS BMN | Q198: SIL 02 NEXT-G | S198: LEN | T198: CRTE
A199: INB10523 | B199: B010 | C199: SIL-02 (HIMAX) | D199: KAIP2 | E199: L | F199: INTERMEDIATE BLOK SIL SAFE 4000 COS | G199: ST_CS_D01-ER | H199: IB.SIL.SAFE4000.COS | I199: 21022115 | J199: OSV | K199: S1.21 | L199: SE | M199: 9,470 | N199: 9,470 | O199: 0,000 | P199: TS BMN | Q199: SIL 02 NEXT-G | S199: LEN | T199: CRTE
A200: INB10524 | B200: B010 | C200: SIL-02 (HIMAX) | D200: KAIP2 | E200: L | F200: INTERMEDIATE BLOK SIL SAFE 4000 CGB | G200: ST_CGBD01-ER | H200: IB.SIL.SAFE4000.CGB | I200: 21022115 | J200: OSV | K200: S1.21 | L200: SE | M200: 19,585 | N200: 19,585 | O200: 0,000 | P200: TS BMN | Q200: SIL 02 NEXT-G | S200: LEN | T200: CRTE
A201: INB10529 | B201: B010 | C201: VDU | D201: KAIP2 | E201: L | F201: PANEL DISPLAY PENGENDALI TSC BOO | G201: ST_BOOD01-ER | H201: TSC.BOO | I201: 21022115 | J201: OSV | K201: S1.21 | L201: SE | M201: 54,886 | N201: 54,886 | O201: 0,000 | P201: TS BMN | Q201: SIL 02 NEXT-G | S201: LEN | T201: CRTE
A202: INB10530 | B202: B010 | D202: KAIP2 | E202: L | F202: DATA LOGGER BOO | G202: ST_BOOD01-ER | H202: DL.BOO. | I202: 21022115 | J202: OSV | K202: S1.21 | L202: SE | M202: 54,886 | N202: 54,886 | O202: 0,000 | P202: TS BMN | Q202: SIL 02 NEXT-G | S202: LEN | T202: CRTE
A203: INB10531 | B203: B010 | D203: KAIP2 | E203: L | F203: DATA LOGGER BOP | G203: ST_BOPD01-ER | H203: DL.BOP | I203: 21022115 | J203: OSV | K203: S1.21 | L203: SE | M203: 0,450 | N203: 0,450 | O203: 0,000 | P203: TS BMN | Q203: SIL 02 NEXT-G | S203: LEN | T203: CRTE
A204: INB10532 | B204: B010 | D204: KAIP2 | E204: L | F204: DATA LOGGER BTT | G204: ST_BTTD01-ER | H204: DL.BTT | I204: 21022115 | J204: OSV | K204: S1.21 | L204: SE | M204: 4,378 | N204: 4,378 | O204: 0,000 | P204: TS BMN | Q204: SIL 02 NEXT-G | S204: LEN | T204: CRTE
A205: INB10533 | B205: B010 | D205: KAIP2 | E205: L | F205: DATA LOGGER MSG | G205: ST_MSGD01-ER | H205: DL.MSG | I205: 21022115 | J205: OSV | K205: S1.21 | L205: SE | M205: 14,096 | N205: 14,096 | O205: 0,000 | P205: TS BMN | Q205: SIL 02 NEXT-G | S205: LEN | T205: CRTE
A206: INB10534 | B206: B010 | D206: KAIP2 | E206: L | F206: TECHNICIAN TERMINAL BOP | I206: 21022115 | J206: OSV | K206: S1.21 | L206: SE | M206: 0,450 | N206: 0,450 | O206: 0,000 | P206: SC BMN | S206: LEN | T206: INAC
A207: INB10535 | B207: B010 | D207: KAIP2 | E207: L | F207: TECHNICIAN TERMINAL BOO | I207: 21022115 | J207: OSV | K207: S1.21 | L207: SE | M207: 54,886 | N207: 54,886 | O207: 0,000 | P207: SC BMN | S207: LEN | T207: INAC
A208: INB10536 | B208: B010 | D208: KAIP2 | E208: L | F208: TECHNICIAN TERMINAL BTT | I208: 21022115 | J208: OSV | K208: S1.21 | L208: SE | M208: 4,378 | N208: 4,378 | O208: 0,000 | P208: SC BMN | S208: LEN | T208: INAC
A209: INB10537 | B209: B010 | D209: KAIP2 | E209: L | F209: TECHNICIAN TERMINAL MSG | I209: 21022115 | J209: OSV | K209: S1.21 | L209: SE | M209: 14,096 | N209: 14,096 | O209: 0,000 | P209: SC BMN | S209: LEN | T209: INAC
A210: INB10538 | B210: B010 | C210: SIL-02 (HIMAX) | D210: KAIP2 | E210: L | F210: INTERLOCKING SIL SAFE 4000 CLT | G210: ST_CLTD01-ER | H210: IL.SIL.SAFE4000.CLT | I210: 21022115 | J210: OSV | K210: S1.21 | L210: SE | M210: 47,249 | N210: 47,249 | O210: 0,000 | P210: TS BMN | Q210: SIL 02 NEXT-G | S210: LEN | T210: CRTE
A211: INB10539 | B211: B010 | D211: KAIP2 | E211: L | F211: DATA LOGGER CLT | G211: ST_CLTD01-ER | H211: DL.CLT | I211: 21022115 | J211: OSV | K211: S1.21 | L211: SE | M211: 47,249 | N211: 47,249 | O211: 0,000 | P211: TS BMN | Q211: SIL 02 NEXT-G | S211: LEN | T211: CRTE
A212: INB10540 | B212: B010 | D212: KAIP2 | E212: L | F212: TECHNICIAN TERMINAL CLT | I212: 21022115 | J212: OSV | K212: S1.21 | L212: SE | M212: 47,249 | N212: 47,249 | O212: 0,000 | P212: SC BMN | Q212: SIL 02 NEXT-G | S212: LEN | T212: INAC
A213: INB10541 | B213: B010 | D213: KAIP2 | E213: L | F213: PANEL PELAYANAN VDU 1 CLT | G213: ST_CLTD01-BOOA | H213: PC.VDU.1.CLT | I213: 21022115 | J213: OSV | K213: S1.21 | L213: SE | M213: 47,261 | N213: 47,261 | O213: 0,000 | P213: TS BMN | T213: CRTE
A214: INB10542 | B214: B010 | D214: KAIP2 | E214: L | F214: PANEL PELAYANAN VDU 2 CLT | G214: ST_CLTD01-BOOA | H214: PC.VDU.2.CLT | I214: 21022115 | J214: OSV | K214: S1.21 | L214: SE | M214: 47,261 | N214: 47,261 | O214: 0,000 | P214: TS BMN | T214: CRTE
A215: INB10543 | B215: B010 | C215: VDU | D215: KAIP2 | E215: L | F215: PANEL DISPLAY PENGENDALI TSC CLT | G215: ST_CLTD01-BOOA | H215: TSC.CLT | I215: 21022115 | J215: OSV | K215: S1.21 | L215: SE | M215: 47,249 | N215: 47,249 | O215: 0,000 | P215: TS BMN | Q215: SIL 02 NEXT-G | S215: LEN | T215: CRTE
A216: INB10544 | B216: B010 | D216: KAIP2 | E216: L | F216: PERALATAN BLOK CLT - BJD | G216: ST_CLTD01-BOOA | H216: PRLTN.BLOK.CLT-BJD | I216: 21022115 | J216: OSV | K216: S1.21 | L216: SE | M216: 47,249 | N216: 47,249 | O216: 0,000 | P216: TS BMN | Q216: SIL 02 NEXT-G | S216: LEN | T216: CRTE
A217: INB10545 | B217: B010 | D217: KAIP2 | E217: L | F217: PERALATAN BLOK CLT - BOO | G217: ST_CLTD01-BOOA | H217: PRLTN.BLOK.CLT-BOO | I217: 21022115 | J217: OSV | K217: S1.21 | L217: SE | M217: 47,249 | N217: 47,249 | O217: 0,000 | P217: TS BMN | Q217: SIL 02 NEXT-G | S217: LEN | T217: CRTE
A218: INB10546 | B218: B010 | D218: KAIP2 | E218: L | F218: PERALATAN BLOK BOO - CLT | G218: ST_BOOD01-BOOA | H218: PRLTN.BLOK.BOO-CLT | I218: 21022115 | J218: OSV | K218: S1.21 | L218: SE | M218: 54,886 | N218: 54,886 | O218: 0,000 | P218: TS BMN | Q218: SIL 02 NEXT-G | S218: LEN | T218: CRTE
A219: INB10547 | B219: B010 | D219: KAIP2 | E219: L | F219: PERALATAN BLOK BOO - BOP | G219: ST_BOOD01-BOOA | H219: PRLTN.BLOK.BOO-BOP | I219: 21022115 | J219: OSV | K219: S1.21 | L219: SE | M219: 54,886 | N219: 54,886 | O219: 0,000 | P219: TS BMN | Q219: SIL 02 NEXT-G | S219: LEN | T219: CRTE
A220: INB10640 | B220: B010 | D220: KAIP2 | E220: L | F220: PANEL PELAYANAN VDU 1 BTT | G220: ST_BTTD01-BOOA | H220: VDU.1.BTT | I220: 21022115 | J220: OSV | K220: S1.21 | L220: SE | M220: 54,886 | N220: 54,886 | O220: 0,000 | P220: TS BMN | T220: CRTE
A221: INB10641 | B221: B010 | D221: KAIP2 | E221: L | F221: PANEL PELAYANAN VDU 2 BTT | G221: ST_BTTD01-BOOA | H221: VDU.2.BTT | I221: 21022115 | J221: OSV | K221: S1.21 | L221: SE | M221: 54,886 | N221: 54,886 | O221: 0,000 | P221: TS BMN | T221: CRTE
A222: INB10642 | B222: B010 | D222: KAIP2 | E222: L | F222: PERALATAN BLOK MSG-CCR | G222: ST_MSGD01-BOOA | H222: PRLTN.BLOK.MSG -CCR | I222: 21022115 | J222: OSV | K222: S1.21 | L222: SE | M222: 14,157 | N222: 14,157 | O222: 0,000 | P222: TS BMN | Q222: SIL 02 NEXT-G | S222: LEN | T222: CRTE
A223: INB10643 | B223: B010 | D223: KAIP2 | E223: L | F223: PERALATAN BLOK BOP-BOO | G223: ST_BOPD01-BOOA | H223: PRLTN.BLOK.BOP-BOO | I223: 21022115 | J223: OSV | K223: S1.21 | L223: SE | M223: 0,425 | N223: 0,425 | O223: 0,000 | P223: TS BMN | Q223: SIL 02 NEXT-G | S223: LEN | T223: CRTE
A224: INB10644 | B224: B010 | D224: KAIP2 | E224: L | F224: PERALATAN BLOK BOP-BTT | G224: ST_BOPD01-BOOA | H224: PRLTN.BLOK.BOP-BTT | I224: 21022115 | J224: OSV | K224: S1.21 | L224: SE | M224: 0,425 | N224: 0,425 | O224: 0,000 | P224: TS BMN | Q224: SIL 02 NEXT-G | S224: LEN | T224: CRTE
A225: JPL10337 | B225: B010 | D225: KAIP2 | E225: L | F225: BANGUNAN JPL 26N CLT | H225: BANG.JPL.26.CLT | I225: 21022115 | J225: OSV | K225: S1.21 | L225: BANG | P225: SC BMN | T225: CRTE DLFL
A226: JPL10338 | B226: B010 | C226: MO-PLN | D226: KAIP2 | E226: L | F226: JPL ELEKTRIK NO 26N CLT | G226: JAKBOOD01-THU1-ST_CLT-SFF003 | H226: JPLE.26.CLT | I226: 21022115 | J226: OSV | K226: S1.21 | L226: JPL | M226: 46,840 | N226: 46,840 | O226: 0,000 | P226: TS BMN | Q226: 2 BARRIER | S226: NIPPON | T226: CRTE
...

Sheet CRTE
A1: Functional Loc. | B1: No. K A I | C1: Description | D1: Catalog profile | E1: Jenis Perawatan | F1: Lokasi | H1: TOTAL ASET | I1: 479
A2: AXL11468 | B2: AXC.ZP60.BOO | C2: AXLE COUNTER ZP 60 BOO | D2: SE | E2: Deteksi KA | F2: BOO
A3: AXL11469 | B3: AXC.ZP61.BOO | C3: AXLE COUNTER ZP 61 BOO | D3: SE | E3: Deteksi KA | F3: BOO
A4: AXL11470 | B4: AXC.ZP62A.BOO | C4: AXLE COUNTER ZP 62A BOO | D4: SE | E4: Deteksi KA | F4: BOO
A5: AXL11471 | B5: AXC.ZP42C.BOO | C5: AXLE COUNTER ZP 42C BOO | D5: SE | E5: Deteksi KA | F5: BOO
A6: AXL11472 | B6: AXC.ZP41B.BOO | C6: AXLE COUNTER ZP 41B BOO | D6: SE | E6: Deteksi KA | F6: BOO
A7: AXL11473 | B7: AXC.ZP42A.BOO | C7: AXLE COUNTER ZP 42A BOO | D7: SE | E7: Deteksi KA | F7: BOO
A8: AXL11474 | B8: AXC.ZP42B.BOO | C8: AXLE COUNTER ZP 42B BOO | D8: SE | E8: Deteksi KA | F8: BOO
A9: AXL11475 | B9: AXC.ZP62B.BOO | C9: AXLE COUNTER ZP 62B BOO | D9: SE | E9: Deteksi KA | F9: BOO
A10: AXL11476 | B10: AXC.ZP23A.BOO | C10: AXLE COUNTER ZP 23A BOO | D10: SE | E10: Deteksi KA | F10: BOO
A11: AXL11477 | B11: AXC.ZP23B.BOO | C11: AXLE COUNTER ZP 23B BOO | D11: SE | E11: Deteksi KA | F11: BOO
A12: AXL11478 | B12: AXC.ZP24B.BOO | C12: AXLE COUNTER ZP 24B BOO | D12: SE | E12: Deteksi KA | F12: BOO
A13: AXL11479 | B13: AXC.ZP24A.BOO | C13: AXLE COUNTER ZP 24A BOO | D13: SE | E13: Deteksi KA | F13: BOO
... A445: TRA11356 | B445: OTB.FO.JPL16.CGB | C445: OTB FO JPL 16 CGB | D445: MEDIA | E445: Pintu Perlintasan | F445: CGB
A446: TRA11368 | B446: FO.OTB.JPL.01.BOO | C446: OTB FO JPL 01 BOO | D446: MEDIA | E446: Double Aset
A447: TRA11369 | B447: FO.OTB.JPL.02.BOO | C447: OTB FO JPL 02 BOO | D447: MEDIA | E447: Double Aset
A448: TRA11370 | B448: FO.OTB.JPL.28.BOO.CLT | C448: OTB FO JPL 28 BOO -CLT | D448: MEDIA | E448: Double Aset
A449: TRA11371 | B449: FO.OTB.JPL.27.BOO.CLT | C449: OTB FO JPL 27 BOO -CLT | D449: MEDIA | E449: Double Aset
A450: TRA11372 | B450: FO.OTB.JPL.04.BOO.BOP | C450: OTB FO JPL 04 BOO-BOP | D450: MEDIA | E450: Double Aset
A451: TRA11373 | B451: FO.OTB.JPL.07.BOO.BOP | C451: OTB FO JPL 07 BOO-BOP | D451: MEDIA | E451: Double Aset
A452: TRA11374 | B452: FO.OTB.JPL.BNR.BOO.BOP | C452: OTB FO JPL BNR BOO-BOP | D452: MEDIA | E452: Double Aset
A453: TRA11375 | B453: FO.OTB.JPL.10.BOO.BOP | C453: OTB FO JPL 10 BTT | D453: MEDIA | E453: Double Aset
A454: TRA11376 | B454: FO.OTB.JPL.11.BOO.BOP | C454: OTB FO JPL 11 BTT | D454: MEDIA | E454: Double Aset
A455: TRA11377 | B455: FO.OTB.JPL.15.BOO.BOP | C455: OTB FO JPL 15 CGB | D455: MEDIA | E455: Double Aset
A456: TRA11378 | B456: FO.OTB.JPL.16.BOO.BOP | C456: OTB FO JPL 16 CGB | D456: MEDIA | E456: Double Aset
A457: TRA11379 | B457: FO.OTB.JPL.12.SF.BOO.BOP | C457: OTB FO JPL 12SF CGB | D457: MEDIA | E457: Double Aset
A458: TRA11380 | B458: FO.OTB.JPL.26N.CLT.BJD | C458: OTB FO JPL 26N CLT-BJD | D458: MEDIA | E458: Double Aset
A459: TWR10023 | B459: BANG.ER.R.BOO | C459: BANGUNAN ER RADIO BOO | D459: BANG | E459: PTDS | F459: BOO
A460: TWR10025 | B460: BANG.R.BOO | C460: BANGUNAN TOWER BOO | D460: BANG | E460: PTDS | F460: BOO
A461: TWR10052 | B461: TWR.RAD.COS | C461: TOWER RADIO CIOMAS | D461: TOWER | E461: PTDS | F461: COS
A462: WSL11073 | B462: W21A.BOO | C462: PENGGERAK WESEL W21A BOO | D462: SE | E462: Penggerak Wesel | F462: BOO
A463: WSL11074 | B463: W21B1.BOO | C463: PENGGERAK WESEL W21B1 BOO | D463: SE | E463: Penggerak Wesel | F463: BOO
A464: WSL11075 | B464: W21B2.BOO | C464: PENGGERAK WESEL W21B2 BOO | D464: SE | E464: Penggerak Wesel | F464: BOO
A465: WSL11076 | B465: W61A1.BOO | C465: PENGGERAK WESEL W61A1 BOO | D465: SE | E465: Penggerak Wesel | F465: BOO
A466: WSL11077 | B466: W61A2.BOO | C466: PENGGERAK WESEL W61A2 BOO | D466: SE | E466: Penggerak Wesel | F466: BOO
A467: WSL11078 | B467: W41.BOO | C467: PENGGERAK WESEL W41 BOO | D467: SE | E467: Penggerak Wesel | F467: BOO
A468: WSL11079 | B468: W43.BOO | C468: PENGGERAK WESEL W43 BOO | D468: SE | E468: Penggerak Wesel | F468: BOO
A469: WSL11080 | B469: W23A.BOO | C469: PENGGERAK WESEL W23A BOO | D469: SE | E469: Penggerak Wesel | F469: BOO
A470: WSL11081 | B470: W23B.BOO | C470: PENGGERAK WESEL W23B BOO | D470: SE | E470: Penggerak Wesel | F470: BOO
... A493: WSL11114 | B493: PW.23.CLT | C493: PENGGERAK WESEL W23 CLT | D493: SE | E493: Penggerak Wesel | F493: CLT

Sheet 04.06.23 (ALL)
A1: Functional Loc. | B1: MaintPlant | C1: Model number | D1: StrIndicator | E1: FunctLocCat. | F1: Description | G1: SupFunctLoc. | H1: No. K A I | I1: Cost Center | J1: Planner group | K1: Main WorkCtr | L1: Catalog profile | M1: Start Point | N1: End Point | O1: Length | P1: User status | Q1: Kapasitas | R1: ManufSerialNo. | S1: Manufacturer | T1: System status
A2: AXL11468 | B2: B010 | C2: ZPD 43 | D2: KAIP2 | E2: L | F2: AXLE COUNTER ZP 60 BOO | G2: JAKBOOD01-THU1-ST_BOO-SDF001 | H2: AXC.ZP60.BOO | I2: 21022115 | J2: OSV | K2: S1.21 | L2: SE | M2: 54,678 | N2: 54,678 | O2: 0,000 | P2: TS BMN | S2: SIEMENS | T2: CRTE
A3: AXL11469 | B3: B010 | C3: ZPD 43 | D3: KAIP2 | E3: L | F3: AXLE COUNTER ZP 61 BOO | G3: JAKBOOD01-THU1-ST_BOO-SDF002 | H3: AXC.ZP61.BOO | I3: 21022115 | J3: OSV | K3: S1.21 | L3: SE | M3: 54,688 | N3: 54,688 | O3: 0,000 | P3: TS BMN | S3: SIEMENS | T3: CRTE
A4: AXL11470 | B4: B010 | C4: ZPD 43 | D4: KAIP2 | E4: L | F4: AXLE COUNTER ZP 62A BOO | G4: JAKBOOD01-THU1-ST_BOO-SDF003 | H4: AXC.ZP62A.BOO | I4: 21022115 | J4: OSV | K4: S1.21 | L4: SE | M4: 54,770 | N4: 54,770 | O4: 0,000 | P4: TS BMN | S4: SIEMENS | T4: CRTE
A5: AXL11471 | B5: B010 | C5: ZPD 43 | D5: KAIP2 | E5: L | F5: AXLE COUNTER ZP 42C BOO | G5: JAKBOOD01-THU1-ST_BOO-SDF004 | H5: AXC.ZP42C.BOO | I5: 21022115 | J5: OSV | K5: S1.21 | L5: SE | M5: 54,872 | N5: 54,872 | O5: 0,000 | P5: TS BMN | S5: SIEMENS | T5: CRTE
A6: AXL11472 | B6: B010 | C6: ZPD 43 | D6: KAIP2 | E6: L | F6: AXLE COUNTER ZP 41B BOO | G6: JAKBOOD01-THU1-ST_BOO-SDF005 | H6: AXC.ZP41B.BOO | I6: 21022115 | J6: OSV | K6: S1.21 | L6: SE | M6: 54,729 | N6: 54,729 | O6: 0,000 | P6: TS BMN | S6: SIEMENS | T6: CRTE
A7: AXL11473 | B7: B010 | C7: ZPD 43 | D7: KAIP2 | E7: L | F7: AXLE COUNTER ZP 42A BOO | G7: JAKBOOD01-THU1-ST_BOO-SDF006 | H7: AXC.ZP42A.BOO | I7: 21022115 | J7: OSV | K7: S1.21 | L7: SE | M7: 54,568 | N7: 54,568 | O7: 0,000 | P7: TS BMN | S7: SIEMENS | T7: CRTE
A8: AXL11474 | B8: B010 | C8: ZPD 43 | D8: KAIP2 | E8: L | F8: AXLE COUNTER ZP 42B BOO | G8: JAKBOOD01-THU1-ST_BOO-SDF007 | H8: AXC.ZP42B.BOO | I8: 21022115 | J8: OSV | K8: S1.21 | L8: SE | M8: 54,770 | N8: 54,770 | O8: 0,000 | P8: TS BMN | S8: SIEMENS | T8: CRTE
A9: AXL11475 | B9: B010 | C9: ZPD 43 | D9: KAIP2 | E9: L | F9: AXLE COUNTER ZP 62B BOO | G9: JAKBOOD01-THU1-ST_BOO-SDF008 | H9: AXC.ZP62B.BOO | I9: 21022115 | J9: OSV | K9: S1.21 | L9: SE | M9: 54,872 | N9: 54,872 | O9: 0,000 | P9: TS BMN | S9: SIEMENS | T9: CRTE
A10: AXL11476 | B10: B010 | C10: ZPD 43 | D10: KAIP2 | E10: L | F10: AXLE COUNTER ZP 23A BOO | G10: JAKBOOD01-THU1-ST_BOO-SDF009 | H10: AXC.ZP23A.BOO | I10: 21022115 | J10: OSV | K10: S1.21 | L10: SE | M10: 54,965 | N10: 54,965 | O10: 0,000 | P10: TS BMN | S10: SIEMENS | T10: CRTE
A11: AXL11477 | B11: B010 | C11: ZPD 43 | D11: KAIP2 | E11: L | F11: AXLE COUNTER ZP 23B BOO | G11: JAKBOOD01-THU1-ST_BOO-SDF010 | H11: AXC.ZP23B.BOO | I11: 21022115 | J11: OSV | K11: S1.21 | L11: SE | M11: 54,965 | N11: 54,965 | O11: 0,000 | P11: TS BMN | S11: SIEMENS | T11: CRTE
A12: AXL11478 | B12: B010 | C12: ZPD 43 | D12: KAIP2 | E12: L | F12: AXLE COUNTER ZP 24B BOO | G12: JAKBOOD01-THU1-ST_BOO-SDF011 | H12: AXC.ZP24B.BOO | I12: 21022115 | J12: OSV | K12: S1.21 | L12: SE | M12: 55,054 | N12: 55,054 | O12: 0,000 | P12: TS BMN | S12: SIEMENS | T12: CRTE
A13: AXL11479 | B13: B010 | C13: ZPD 43 | D13: KAIP2 | E13: L | F13: AXLE COUNTER ZP 24A BOO | G13: JAKBOOD01-THU1-ST_BOO-SDF012 | H13: AXC.ZP24A.BOO | I13: 21022115 | J13: OSV | K13: S1.21 | L13: SE | M13: 55,022 | N13: 55,022 | O13: 0,000 | P13: TS BMN | S13: SIEMENS | T13: CRTE
... A140: AXL11707 | B140: B010 | C140: ZPD 43 | D140: KAIP2 | E140: L | F140: AXLE COUNTER ZP 10B CLT | G140: JAKBOOD01-THU1-ST_CLT-SDF014 | H140: AXC.ZP10B.CLT | I140: 21022115 | J140: OSV | K140: S1.21 | L140: SE | M140: 47,087 | N140: 47,087 | O140: 0,000 | P140: TS BMN | S140: SIEMENS | T140: CRTE
A141: BOOYK_D01-THU1-ST_MSG-SBF006 | B141: B010 | D141: KAIL2 | E141: L | F141: SINYAL MASUK J10 MSG | G141: BOOYK_D01-THU1-ST_MSG | K141: S1.21 | L141: SE | M141: 13,685 | N141: 13,685 | O141: 0,000 | P141: ACT NOMA | T141: CRTE
A142: CDA10061 | B142: B010 | D142: KAIP2 | E142: L | F142: CATU DAYA ER SINYAL BOO | G142: ST_BOOD01-ER | H142: CD.ER.SYL.BOO | I142: 21022115 | J142: OSV | K142: S1.21 | L142: CD | M142: 54,886 | N142: 54,886 | O142: 0,000 | P142: TS BMN | T142: CRTE
A143: CDA10062 | B143: B010 | D143: KAIP2 | E143: L | F143: CATU DAYA ER SINYAL BOP | G143: ST_BOPD01-ER | H143: CD.ER.SYL.BOP | I143: 21022115 | J143: OSV | K143: S1.21 | L143: CD | M143: 0,450 | N143: 0,450 | O143: 0,000 | P143: TS BMN | T143: CRTE
A144: CDA10063 | B144: B010 | D144: KAIP2 | E144: L | F144: CATU DAYA ER SINYAL BTT | G144: ST_BTTD01-ER | H144: CD.ER.SYL.BTT | I144: 21022115 | J144: OSV | K144: S1.21 | L144: CD | M144: 4,378 | N144: 4,378 | O144: 0,000 | P144: TS BMN | T144: CRTE
A145: CDA10064 | B145: B010 | D145: KAIP2 | E145: L | F145: CATU DAYA ER SINYAL IB COS | G145: ST_CS_D01-ER | H145: CD.ER.SYL.IB.COS | I145: 21022115 | J145: OSV | K145: S1.21 | L145: CD | M145: 9,445 | N145: 9,445 | O145: 0,000 | P145: TS BMN | T145: CRTE
A146: CDA10065 | B146: B010 | D146: KAIP2 | E146: L | F146: CATU DAYA ER SINYAL MSG | G146: ST_MSGD01-ER | H146: CD.ER.SYL.MSG | I146: 21022115 | J146: OSV | K146: S1.21 | L146: CD | M146: 14,096 | N146: 14,096 | O146: 0,000 | P146: TS BMN | T146: CRTE
A147: CDA10066 | B147: B010 | D147: KAIP2 | E147: L | F147: CATU DAYA ER SINYAL IB CGB | G147: ST_CGBD01-ER | H147: CD.ER.SYL.IB.CGB | I147: 21022115 | J147: OSV | K147: S1.21 | L147: CD | M147: 19,620 | N147: 19,620 | O147: 0,000 | P147: TS BMN | T147: CRTE
A148: CDA10068 | B148: B010 | D148: KAIP2 | E148: L | F148: CATU DAYA ER RADIO CIOMAS | G148: ST_CS_D01-RAD | H148: CD.ER.RADIO.COS | I148: 21022115 | J148: OSV | K148: S1.21 | L148: CD | M148: 9,445 | N148: 9,445 | O148: 0,000 | P148: TS BMN | T148: CRTE
A149: CDA10069 | B149: B010 | D149: KAIP2 | E149: L | F149: CATU DAYA ER SINYAL CLT | G149: ST_CLTD01-ER | H149: CD.ER.SYL.CLT | I149: 21022115 | J149: OSV | K149: S1.21 | L149: CD | M149: 47,249 | N149: 47,249 | O149: 0,000 | P149: TS BMN | T149: CRTE
A150: CDA10070 | B150: B010 | D150: KAIP2 | E150: L | F150: GENSET ER SINYAL CLT | I150: 21022115 | J150: OSV | K150: S1.21 | L150: CD | M150: 47,249 | N150: 47,249 | O150: 0,000 | P150: SC BMN | S150: YANMAR | T150: INAC
A151: INB10008 | B151: B010 | D151: KAIP2 | E151: L | F151: KONTAK DETEKSI BTT DARI BOO | H151: KD.CDG-KEN | I151: 21022115 | J151: OSV | K151: S1.21 | L151: SM | P151: SC BMN | T151: INAC
A152: INB10238 | B152: B010 | D152: KAIP2 | E152: L | F152: CATU DAYA ER CLT | K152: S1.21 | M152: 0,000 | N152: 0,000 | O152: 0,000 | P152: SC BMN | T152: INAC
A153: INB10239 | B153: B010 | D153: KAIP2 | E153: L | F153: PANEL LCP CLT | H153: LCP.CLT | I153: 21022115 | J153: OSV | K153: S1.21 | L153: SE | P153: SC BMN | T153: INAC DLFL
A154: INB10240 | B154: B010 | D154: KAIP2 | E154: L | F154: INTERLOCKING ELEKTRIK SSI 10 BOO | K154: S1.21 | M154: 0,000 | N154: 0,000 | O154: 0,000 | P154: SC BMN | T154: INAC
A155: INB10241 | B155: B010 | D155: KAIP2 | E155: L | F155: INTERLOCKING ELEKTRIK SSI 11 BOO | K155: S1.21 | M155: 0,000 | N155: 0,000 | O155: 0,000 | P155: SC BMN | T155: INAC
A156: INB10242 | B156: B010 | D156: KAIP2 | E156: L | F156: DATA LOGGER BOO | K156: S1.21 | M156: 0,000 | N156: 0,000 | O156: 0,000 | P156: SC BMN | T156: INAC
A157: INB10243 | B157: B010 | D157: KAIP2 | E157: L | F157: CTS BOO | K157: S1.21 | M157: 0,000 | N157: 0,000 | O157: 0,000 | P157: SC BMN | T157: INAC
A158: INB10244 | B158: B010 | D158: KAIP2 | E158: L | F158: TECHNICIAN TERMINAL BOO | K158: S1.21 | M158: 0,000 | N158: 0,000 | O158: 0,000 | P158: SC BMN | T158: INAC
A159: INB10245 | B159: B010 | D159: KAIP2 | E159: L | F159: ER RACK A BOO | K159: S1.21 | M159: 0,000 | N159: 0,000 | O159: 0,000 | P159: SC BMN | T159: INAC
A160: INB10246 | B160: B010 | D160: KAIP2 | E160: L | F160: ER RACK B BOO | K160: S1.21 | M160: 0,000 | N160: 0,000 | O160: 0,000 | P160: SC BMN | T160: INAC
A161: INB10247 | B161: B010 | D161: KAIP2 | E161: L | F161: ER RACK C BOO | K161: S1.21 | M161: 0,000 | N161: 0,000 | O161: 0,000 | P161: SC BMN | T161: INAC
A162: INB10248 | B162: B010 | D162: KAIP2 | E162: L | F162: ER RACK D BOO | K162: S1.21 | M162: 0,000 | N162: 0,000 | O162: 0,000 | P162: SC BMN | T162: INAC
A163: INB10249 | B163: B010 | D163: KAIP2 | E163: L | F163: ER RACK E BOO | K163: S1.21 | M163: 0,000 | N163: 0,000 | O163: 0,000 | P163: SC BMN | T163: INAC
A164: INB10250 | B164: B010 | D164: KAIP2 | E164: L | F164: CATU DAYA ER BOO | K164: S1.21 | M164: 0,000 | N164: 0,000 | O164: 0,000 | P164: SC BMN | T164: INAC
A165: INB10251 | B165: B010 | C165: S&H | D165: KAIP2 | E165: L | F165: INTERLOCKING MEKANIK BTT | H165: ILM.BTT | I165: 21022115 | J165: OSV | K165: S1.21 | L165: SM | P165: SC BMN | S165: SIEMENS | T165: INAC DLFL
A166: INB10252 | B166: B010 | C166: S&H | D166: KAIP2 | E166: L | F166: INTERLOCKING MEKANIK MSG | H166: ILM.MSG | I166: 21022115 | J166: OSV | K166: S1.21 | L166: SM | P166: SC BMN | S166: SIEMENS | T166: INAC DLFL
A167: INB10253 | B167: B010 | D167: KAIP2 | E167: L | F167: INTERLOCKING MEKANIK CGB | I167: 21022115 | J167: OSV | K167: S1.21 | L167: SM | M167: 0,000 | N167: 0,000 | O167: 0,000 | P167: SC | T167: INAC
A168: INB10260 | B168: B010 | D168: KAIP2 | E168: L | F168: KONTAK DETEKSI BTT DARI BOO | H168: KD.BTT-BOO | I168: 21022115 | J168: OSV | K168: S1.21 | L168: SM | P168: SC BMN | T168: INAC
A169: INB10261 | B169: B010 | D169: KAIP2 | E169: L | F169: KONTAK DETEKSI BTT DARI MSG | H169: KD.BTT-MSG | I169: 21022115 | J169: OSV | K169: S1.21 | L169: SM | P169: SC BMN | T169: INAC
A170: INB10262 | B170: B010 | D170: KAIP2 | E170: L | F170: KONTAK DETEKSI MSG DARI BTT | H170: KD.MSG-BTT | I170: 21022115 | J170: OSV | K170: S1.21 | L170: SM | P170: SC BMN | T170: INAC
A171: INB10263 | B171: B010 | D171: KAIP2 | E171: L | F171: KONTAK DETEKSI MSG DARI CGB | I171: 21022115 | J171: OSV | K171: S1.21 | L171: SM | M171: 0,000 | N171: 0,000 | O171: 0,000 | P171: SC | T171: INAC
A172: INB10264 | B172: B010 | D172: KAIP2 | E172: L | F172: KONTAK DETEKSI CGB DARI MSG | I172: 21022115 | J172: OSV | K172: S1.21 | L172: SM | M172: 0,000 | N172: 0,000 | O172: 0,000 | P172: SC | T172: INAC
A173: INB10265 | B173: B010 | D173: KAIP2 | E173: L | F173: KONTAK DETEKSI CGB DARI CCR | H173: KD.CGB-CCR | I173: 21022115 | J173: OSV | K173: S1.21 | L173: SM | M173: 0,000 | N173: 0,000 | O173: 0,000 | P173: SC BMN | T173: INAC
A174: INB10266 | B174: B010 | D174: KAIP2 | E174: L | F174: KONTAK DETEKSI CCR DARI CGB | I174: 21022115 | J174: OSV | K174: S1.21 | L174: SM | M174: 0,000 | N174: 0,000 | O174: 0,000 | P174: SC | T174: INAC
A175: INB10303 | B175: B010 | D175: KAIP2 | E175: L | F175: CATU DAYA ER BTT | H175: CD.ER.BTT | I175: 21022115 | J175: OSV | K175: S1.21 | L175: CD | P175: TS BMN | T175: INAC
A176: INB10304 | B176: B010 | D176: KAIP2 | E176: L | F176: CATU DAYA ER MSG | H176: CD.ER.MSG | I176: 21022115 | J176: OSV | K176: S1.21 | L176: CD | P176: TS BMN | T176: INAC
A177: INB10305 | B177: B010 | D177: KAIP2 | E177: L | F177: CATU DAYA ER TELEKOMUNIKASI CGB | H177: CD.ER.TLK.CGB | I177: 21022115 | J177: OSV | K177: S1.21 | L177: CD | P177: TS BMN | T177: INAC
A178: INB10306 | B178: B010 | D178: KAIP2 | E178: L | F178: GENSET BTT | H178: GENSET.ER.BTT | I178: 21022115 | J178: OSV | K178: S1.21 | L178: CD | P178: TS BMN | S178: YANMAR | T178: INAC
A179: INB10307 | B179: B010 | D179: KAIP2 | E179: L | F179: GENSET MSG | H179: GENSET.ER.MSG | I179: 21022115 | J179: OSV | K179: S1.21 | L179: CD | P179: TS BMN | S179: YANMAR | T179: INAC
A180: INB10308 | B180: B010 | D180: KAIP2 | E180: L | F180: GENSET CGB | H180: GENSET.ER.CGB | I180: 21022115 | J180: OSV | K180: S1.21 | L180: CD | P180: TS BMN | S180: YANMAR | T180: INAC
A181: INB10309 | B181: B010 | D181: KAIP2 | E181: L | F181: GENSET BOO | I181: 21022115 | J181: OSV | K181: S1.21 | L181: CD | M181: 54,800 | N181: 54,800 | O181: 0,000 | P181: SC BMN | T181: INAC
A182: INB10314 | B182: B010 | D182: KAIP2 | E182: L | F182: PC VDU BOO | K182: S1.21 | M182: 0,000 | N182: 0,000 | O182: 0,000 | P182: SC BMN | T182: INAC
A183: INB10315 | B183: B010 | D183: KAIP2 | E183: L | F183: PC VDU CLT | K183: S1.21 | M183: 0,000 | N183: 0,000 | O183: 0,000 | P183: SC BMN | T183: INAC
A184: INB10339 | B184: B010 | D184: KAIP2 | E184: L | F184: CTS CLT | K184: S1.21 | M184: 0,000 | N184: 0,000 | O184: 0,000 | P184: SC BMN | T184: INAC
A185: INB10371 | B185: B010 | C185: SSI | D185: KAIP2 | E185: L | F185: INTERLOCKING SSI CLT | H185: ILE.SSI.CLT | I185: 21022115 | J185: OSV | K185: S1.21 | L185: SE | P185: SC BMN | S185: SSI | T185: INAC DLFL
A186: INB10424 | B186: B010 | D186: KAIP2 | E186: L | F186: PANEL PELAYANAN CLT | K186: S1.21 | P186: SC BMN | T186: INAC
A187: INB10425 | B187: B010 | D187: KAIP2 | E187: L | F187: PANEL PELAYANAN BOO | K187: S1.21 | M187: 0,000 | N187: 0,000 | O187: 0,000 | P187: SC BMN | T187: INAC
A188: INB10512 | B188: B010 | D188: KAIP2 | E188: L | F188: PANEL PELAYANAN VDU 1 BOO | G188: ST_BOOD01-BOOA | H188: PC.VDU.1.BOO | I188: 21022115 | J188: OSV | K188: S1.21 | L188: SE | M188: 54,886 | N188: 54,886 | O188: 0,000 | P188: TS BMN | T188: CRTE
A189: INB10513 | B189: B010 | D189: KAIP2 | E189: L | F189: PANEL PELAYANAN VDU 2 BOO | G189: ST_BOOD01-BOOA | H189: PC.VDU.2.BOO | I189: 21022115 | J189: OSV | K189: S1.21 | L189: SE | M189: 54,886 | N189: 54,886 | O189: 0,000 | P189: TS BMN | T189: CRTE
A190: INB10514 | B190: B010 | D190: KAIP2 | E190: L | F190: PANEL PELAYANAN VDU 1 BOP | G190: ST_BOPD01-BOOA | H190: PC.VDU.1.BOP | I190: 21022115 | J190: OSV | K190: S1.21 | L190: SE | M190: 0,412 | N190: 0,412 | O190: 0,000 | P190: TS BMN | T190: CRTE
A191: INB10515 | B191: B010 | D191: KAIP2 | E191: L | F191: PANEL PELAYANAN VDU 2 BOP | G191: ST_BOPD01-BOOA | H191: PC.VDU.2.BOP | I191: 21022115 | J191: OSV | K191: S1.21 | L191: SE | M191: 0,412 | N191: 0,412 | O191: 0,000 | P191: TS BMN | T191: CRTE
A192: INB10516 | B192: B010 | D192: KAIP2 | E192: L | F192: PANEL PELAYANAN VDU BTT | G192: ST_BTTD01-BOOA | H192: PC.VDU.BTT | I192: 21022115 | J192: OSV | K192: S1.21 | L192: SE | M192: 4,378 | N192: 4,378 | O192: 0,000 | P192: TS BMN | T192: CRTE
A193: INB10517 | B193: B010 | D193: KAIP2 | E193: L | F193: PANEL PELAYANAN VDU 1 MSG | G193: ST_MSGD01-BOOA | H193: PC.VDU.1.MSG | I193: 21022115 | J193: OSV | K193: S1.21 | L193: SE | M193: 14,096 | N193: 14,096 | O193: 0,000 | P193: TS BMN | T193: CRTE
A194: INB10518 | B194: B010 | D194: KAIP2 | E194: L | F194: PANEL PELAYANAN VDU 2 MSG | G194: ST_MSGD01-BOOA | H194: PC.VDU.2.MSG | I194: 21022115 | J194: OSV | K194: S1.21 | L194: SE | M194: 14,096 | N194: 14,096 | O194: 0,000 | P194: TS BMN | T194: CRTE
A195: INB10519 | B195: B010 | C195: SIL-02 (HIMA) | D195: KAIP2 | E195: L | F195: INTERLOCKING ELEKTRIK SIL-02 (HIMA) BOO | G195: ST_BOOD01-ER | H195: IL.SIL.SAFE4000.BOO | I195: 21022115 | J195: OSV | K195: S1.21 | L195: SE | M195: 54,886 | N195: 54,886 | O195: 0,000 | P195: TS BMN | S195: LRS | T195: CRTE
A196: INB10520 | B196: B010 | C196: SIL-02 (HIMA) | D196: KAIP2 | E196: L | F196: INTERLOCKING ELEKTRIK SIL-02 (HIMA) BOP | G196: ST_BOPD01-ER | H196: IL.SIL.SAFE4000.BOP | I196: 21022115 | J196: OSV | K196: S1.21 | L196: SE | M196: 0,425 | N196: 0,425 | O196: 0,000 | P196: TS BMN | S196: LRS | T196: CRTE
A197: INB10521 | B197: B010 | C197: SIL-02 (HIMA) | D197: KAIP2 | E197: L | F197: INTERLOCKING ELEKTRIK SIL-02 (HIMA) BTT | G197: ST_BTTD01-ER | H197: IL.SIL.SAFE4000.BTT | I197: 21022115 | J197: OSV | K197: S1.21 | L197: SE | M197: 4,378 | N197: 4,378 | O197: 0,000 | P197: TS BMN | S197: LRS | T197: CRTE
A198: INB10522 | B198: B010 | C198: SIL-02 (HIMA) | D198: KAIP2 | E198: L | F198: INTERLOCKING ELEKTRIK SIL-02 (HIMA) MSG | G198: ST_MSGD01-ER | H198: IL.SIL.SAFE4000.MSG | I198: 21022115 | J198: OSV | K198: S1.21 | L198: SE | M198: 14,096 | N198: 14,096 | O198: 0,000 | P198: TS BMN | S198: LRS | T198: CRTE
A199: INB10523 | B199: B010 | C199: SIL-02 (HIMAX) | D199: KAIP2 | E199: L | F199: INTERMEDIATE BLOK SIL SAFE 4000 COS | G199: ST_CS_D01-ER | H199: IB.SIL.SAFE4000.COS | I199: 21022115 | J199: OSV | K199: S1.21 | L199: SE | M199: 9,470 | N199: 9,470 | O199: 0,000 | P199: TS BMN | Q199: SIL 02 NEXT-G | S199: LEN | T199: CRTE
A200: INB10524 | B200: B010 | C200: SIL-02 (HIMAX) | D200: KAIP2 | E200: L | F200: INTERMEDIATE BLOK SIL SAFE 4000 CGB | G200: ST_CGBD01-ER | H200: IB.SIL.SAFE4000.CGB | I200: 21022115 | J200: OSV | K200: S1.21 | L200: SE | M200: 19,585 | N200: 19,585 | O200: 0,000 | P200: TS BMN | Q200: SIL 02 NEXT-G | S200: LEN | T200: CRTE
A201: INB10529 | B201: B010 | C201: VDU | D201: KAIP2 | E201: L | F201: PANEL DISPLAY PENGENDALI TSC BOO | G201: ST_BOOD01-ER | H201: TSC.BOO | I201: 21022115 | J201: OSV | K201: S1.21 | L201: SE | M201: 54,886 | N201: 54,886 | O201: 0,000 | P201: TS BMN | Q201: SIL 02 NEXT-G | S201: LEN | T201: CRTE
A202: INB10530 | B202: B010 | D202: KAIP2 | E202: L | F202: DATA LOGGER BOO | G202: ST_BOOD01-ER | H202: DL.BOO. | I202: 21022115 | J202: OSV | K202: S1.21 | L202: SE | M202: 54,886 | N202: 54,886 | O202: 0,000 | P202: TS BMN | Q202: SIL 02 NEXT-G | S202: LEN | T202: CRTE
A203: INB10531 | B203: B010 | D203: KAIP2 | E203: L | F203: DATA LOGGER BOP | G203: ST_BOPD01-ER | H203: DL.BOP | I203: 21022115 | J203: OSV | K203: S1.21 | L203: SE | M203: 0,450 | N203: 0,450 | O203: 0,000 | P203: TS BMN | Q203: SIL 02 NEXT-G | S203: LEN | T203: CRTE
A204: INB10532 | B204: B010 | D204: KAIP2 | E204: L | F204: DATA LOGGER BTT | G204: ST_BTTD01-ER | H204: DL.BTT | I204: 21022115 | J204: OSV | K204: S1.21 | L204: SE | M204: 4,378 | N204: 4,378 | O204: 0,000 | P204: TS BMN | Q204: SIL 02 NEXT-G | S204: LEN | T204: CRTE
A205: INB10533 | B205: B010 | D205: KAIP2 | E205: L | F205: DATA LOGGER MSG | G205: ST_MSGD01-ER | H205: DL.MSG | I205: 21022115 | J205: OSV | K205: S1.21 | L205: SE | M205: 14,096 | N205: 14,096 | O205: 0,000 | P205: TS BMN | Q205: SIL 02 NEXT-G | S205: LEN | T205: CRTE
A206: INB10534 | B206: B010 | D206: KAIP2 | E206: L | F206: TECHNICIAN TERMINAL BOP | I206: 21022115 | J206: OSV | K206: S1.21 | L206: SE | M206: 0,450 | N206: 0,450 | O206: 0,000 | P206: SC BMN | S206: LEN | T206: INAC
A207: INB10535 | B207: B010 | D207: KAIP2 | E207: L | F207: TECHNICIAN TERMINAL BOO | I207: 21022115 | J207: OSV | K207: S1.21 | L207: SE | M207: 54,886 | N207: 54,886 | O207: 0,000 | P207: SC BMN | S207: LEN | T207: INAC
A208: INB10536 | B208: B010 | D208: KAIP2 | E208: L | F208: TECHNICIAN TERMINAL BTT | I208: 21022115 | J208: OSV | K208: S1.21 | L208: SE | M208: 4,378 | N208: 4,378 | O208: 0,000 | P208: SC BMN | S208: LEN | T208: INAC
A209: INB10537 | B209: B010 | D209: KAIP2 | E209: L | F209: TECHNICIAN TERMINAL MSG | I209: 21022115 | J209: OSV | K209: S1.21 | L209: SE | M209: 14,096 | N209: 14,096 | O209: 0,000 | P209: SC BMN | S209: LEN | T209: INAC
A210: INB10538 | B210: B010 | C210: SIL-02 (HIMA) | D210: KAIP2 | E210: L | F210: INTERLOCKING ELEKTRIK SIL-02 (HIMA) CLT | G210: ST_CLTD01-ER | H210: IL.SIL.SAFE4000.CLT | I210: 21022115 | J210: OSV | K210: S1.21 | L210: SE | M210: 47,249 | N210: 47,249 | O210: 0,000 | P210: TS BMN | S210: LRS | T210: CRTE
A211: INB10539 | B211: B010 | D211: KAIP2 | E211: L | F211: DATA LOGGER CLT | G211: ST_CLTD01-ER | H211: DL.CLT | I211: 21022115 | J211: OSV | K211: S1.21 | L211: SE | M211: 47,249 | N211: 47,249 | O211: 0,000 | P211: TS BMN | Q211: SIL 02 NEXT-G | S211: LEN | T211: CRTE
A212: INB10540 | B212: B010 | D212: KAIP2 | E212: L | F212: TECHNICIAN TERMINAL CLT | I212: 21022115 | J212: OSV | K212: S1.21 | L212: SE | M212: 47,249 | N212: 47,249 | O212: 0,000 | P212: SC BMN | Q212: SIL 02 NEXT-G | S212: LEN | T212: INAC
A213: INB10541 | B213: B010 | D213: KAIP2 | E213: L | F213: PANEL PELAYANAN VDU 1 CLT | G213: ST_CLTD01-BOOA | H213: PC.VDU.1.CLT | I213: 21022115 | J213: OSV | K213: S1.21 | L213: SE | M213: 47,261 | N213: 47,261 | O213: 0,000 | P213: TS BMN | T213: CRTE
A214: INB10542 | B214: B010 | D214: KAIP2 | E214: L | F214: PANEL PELAYANAN VDU 2 CLT | G214: ST_CLTD01-BOOA | H214: PC.VDU.2.CLT | I214: 21022115 | J214: OSV | K214: S1.21 | L214: SE | M214: 47,261 | N214: 47,261 | O214: 0,000 | P214: TS BMN | T214: CRTE
A215: INB10543 | B215: B010 | C215: VDU | D215: KAIP2 | E215: L | F215: PANEL DISPLAY PENGENDALI TSC CLT | G215: ST_CLTD01-BOOA | H215: TSC.CLT | I215: 21022115 | J215: OSV | K215: S1.21 | L215: SE | M215: 47,249 | N215: 47,249 | O215: 0,000 | P215: TS BMN | Q215: SIL 02 NEXT-G | S215: LEN | T215: CRTE
A216: INB10544 | B216: B010 | D216: KAIP2 | E216: L | F216: PERALATAN BLOK CLT - BJD | G216: ST_CLTD01-BOOA | H216: PRLTN.BLOK.CLT-BJD | I216: 21022115 | J216: OSV | K216: S1.21 | L216: SE | M216: 47,249 | N216: 47,249 | O216: 0,000 | P216: TS BMN | Q216: SIL 02 NEXT-G | S216: LEN | T216: CRTE
A217: INB10545 | B217: B010 | D217: KAIP2 | E217: L | F217: PERALATAN BLOK CLT - BOO | G217: ST_CLTD01-BOOA | H217: PRLTN.BLOK.CLT-BOO | I217: 21022115 | J217: OSV | K217: S1.21 | L217: SE | M217: 47,249 | N217: 47,249 | O217: 0,000 | P217: TS BMN | Q217: SIL 02 NEXT-G | S217: LEN | T217: CRTE
A218: INB10546 | B218: B010 | D218: KAIP2 | E218: L | F218: PERALATAN BLOK BOO - CLT | G218: ST_BOOD01-BOOA | H218: PRLTN.BLOK.BOO-CLT | I218: 21022115 | J218: OSV | K218: S1.21 | L218: SE | M218: 54,886 | N218: 54,886 | O218: 0,000 | P218: TS BMN | Q218: SIL 02 NEXT-G | S218: LEN | T218: CRTE
A219: INB10547 | B219: B010 | D219: KAIP2 | E219: L | F219: PERALATAN BLOK BOO - BOP | G219: ST_BOOD01-BOOA | H219: PRLTN.BLOK.BOO-BOP | I219: 21022115 | J219: OSV | K219: S1.21 | L219: SE | M219: 54,886 | N219: 54,886 | O219: 0,000 | P219: TS BMN | Q219: SIL 02 NEXT-G | S219: LEN | T219: CRTE
A220: INB10640 | B220: B010 | D220: KAIP2 | E220: L | F220: PANEL PELAYANAN VDU 1 BTT | G220: ST_BTTD01-BOOA | H220: VDU.1.BTT | I220: 21022115 | J220: OSV | K220: S1.21 | L220: SE | M220: 54,886 | N220: 54,886 | O220: 0,000 | P220: TS BMN | T220: CRTE
A221: INB10641 | B221: B010 | D221: KAIP2 | E221: L | F221: PANEL PELAYANAN VDU 2 BTT | G221: ST_BTTD01-BOOA | H221: VDU.2.BTT | I221: 21022115 | J221: OSV | K221: S1.21 | L221: SE | M221: 54,886 | N221: 54,886 | O221: 0,000 | P221: TS BMN | T221: CRTE
A222: INB10642 | B222: B010 | D222: KAIP2 | E222: L | F222: PERALATAN BLOK MSG-CCR | G222: ST_MSGD01-BOOA | H222: PRLTN.BLOK.MSG -CCR | I222: 21022115 | J222: OSV | K222: S1.21 | L222: SE | M222: 14,157 | N222: 14,157 | O222: 0,000 | P222: TS BMN | Q222: SIL 02 NEXT-G | S222: LEN | T222: CRTE
A223: INB10643 | B223: B010 | D223: KAIP2 | E223: L | F223: PERALATAN BLOK BOP-BOO | G223: ST_BOPD01-BOOA | H223: PRLTN.BLOK.BOP-BOO | I223: 21022115 | J223: OSV | K223: S1.21 | L223: SE | M223: 0,425 | N223: 0,425 | O223: 0,000 | P223: TS BMN | Q223: SIL 02 NEXT-G | S223: LEN | T223: CRTE
A224: INB10644 | B224: B010 | D224: KAIP2 | E224: L | F224: PERALATAN BLOK BOP-BTT | G224: ST_BOPD01-BOOA | H224: PRLTN.BLOK.BOP-BTT | I224: 21022115 | J224: OSV | K224: S1.21 | L224: SE | M224: 0,425 | N224: 0,425 | O224: 0,000 | P224: TS BMN | Q224: SIL 02 NEXT-G | S224: LEN | T224: CRTE
A225: JPL10337 | B225: B010 | D225: KAIP2 | E225: L | F225: BANGUNAN JPL 26N CLT | H225: BANG.JPL.26.CLT | I225: 21022115 | J225: OSV | K225: S1.21 | L225: BANG | P225: SC BMN | T225: CRTE DLFL
A226: JPL10338 | B226: B010 | C226: MO-PLN | D226: KAIP2 | E226: L | F226: JPL ELEKTRIK NO 26N CLT | G226: JAKBOOD01-THU1-ST_CLT-SFF003 | H226: JPLE.26.CLT | I226: 21022115 | J226: OSV | K226: S1.21 | L226: JPL | M226: 46,840 | N226: 46,840 | O226: 0,000 | P226: TS BMN | Q226: 2 BARRIER | S226: NIPPON | T226: CRTE
...

Sheet CRTE REV.
A1: Functional Loc. | B1: No. K A I | C1: Description | D1: Catalog profile | E1: Jenis Perawatan | F1: Lokasi | H1: TOTAL ASET | I1: 484 | J1: =I1+31 -> 515 | K1: =J1-11-17 -> 487
A2: AXL11468 | B2: AXC.ZP60.BOO | C2: AXLE COUNTER ZP 60 BOO | D2: SE | F2: boo | G2: =VLOOKUP(A2,CRTE!$A$2:$F$493,1,0) -> AXL11468
A3: AXL11469 | B3: AXC.ZP61.BOO | C3: AXLE COUNTER ZP 61 BOO | D3: SE | F3: boo | G3: =VLOOKUP(A3,CRTE!$A$2:$F$493,1,0) -> AXL11469
A4: AXL11470 | B4: AXC.ZP62A.BOO | C4: AXLE COUNTER ZP 62A BOO | D4: SE | F4: boo | G4: =VLOOKUP(A4,CRTE!$A$2:$F$493,1,0) -> AXL11470
A5: AXL11471 | B5: AXC.ZP42C.BOO | C5: AXLE COUNTER ZP 42C BOO | D5: SE | F5: boo | G5: =VLOOKUP(A5,CRTE!$A$2:$F$493,1,0) -> AXL11471
A6: AXL11472 | B6: AXC.ZP41B.BOO | C6: AXLE COUNTER ZP 41B BOO | D6: SE | F6: boo | G6: =VLOOKUP(A6,CRTE!$A$2:$F$493,1,0) -> AXL11472
A7: AXL11473 | B7: AXC.ZP42A.BOO | C7: AXLE COUNTER ZP 42A BOO | D7: SE | F7: boo | G7: =VLOOKUP(A7,CRTE!$A$2:$F$493,1,0) -> AXL11473
A8: AXL11474 | B8: AXC.ZP42B.BOO | C8: AXLE COUNTER ZP 42B BOO | D8: SE | F8: boo | G8: =VLOOKUP(A8,CRTE!$A$2:$F$493,1,0) -> AXL11474
A9: AXL11475 | B9: AXC.ZP62B.BOO | C9: AXLE COUNTER ZP 62B BOO | D9: SE | F9: boo | G9: =VLOOKUP(A9,CRTE!$A$2:$F$493,1,0) -> AXL11475
A10: AXL11476 | B10: AXC.ZP23A.BOO | C10: AXLE COUNTER ZP 23A BOO | D10: SE | F10: boo | G10: =VLOOKUP(A10,CRTE!$A$2:$F$493,1,0) -> AXL11476
A11: AXL11477 | B11: AXC.ZP23B.BOO | C11: AXLE COUNTER ZP 23B BOO | D11: SE | F11: boo | G11: =VLOOKUP(A11,CRTE!$A$2:$F$493,1,0) -> AXL11477
A12: AXL11478 | B12: AXC.ZP24B.BOO | C12: AXLE COUNTER ZP 24B BOO | D12: SE | F12: boo | G12: =VLOOKUP(A12,CRTE!$A$2:$F$493,1,0) -> AXL11478
A13: AXL11479 | B13: AXC.ZP24A.BOO | C13: AXLE COUNTER ZP 24A BOO | D13: SE | F13: boo | G13: =VLOOKUP(A13,CRTE!$A$2:$F$493,1,0) -> AXL11479
... A485: WSL11114 | B485: PW.23.CLT | C485: PENGGERAK WESEL W23 CLT | D485: SE | F485: clt | G485: =VLOOKUP(A485,CRTE!$A$2:$F$493,1,0) -> WSL11114

Sheet 24.11.23 (ALL)
A1: Functional Loc. | B1: StrIndicator | C1: FunctLocCat. | D1: Description | E1: MaintPlant | F1: No. K A I | G1: Manufacturer | H1: Model number | I1: Kapasitas | J1: ManufSerialNo. | K1: Cost Center | L1: Asset | M1: Planner group | N1: Main WorkCtr | O1: Catalog profile | P1: No. Material | Q1: Start Point | R1: End Point | S1: Length | T1: SupFunctLoc. | U1: Position | V1: System status | W1: User status | X1: Mulai Dinas | Y1: Size/dimensions | Z1: Weight unit
A2: AXL11468 | B2: KAIP2 | C2: L | D2: AXLE COUNTER ZP 60 BOO | E2: B010 | F2: AXC.ZP60.BOO | G2: SIEMENS | H2: ZPD 43 | K2: 21022115 | M2: OSV | N2: S1.21 | O2: SE | Q2: 54,678 | R2: 54,678 | S2: 0,000 | T2: JAKBOOD01-THU1-ST_BOO-SDF001 | U2: 0010 | V2: CRTE | W2: TS BMN | X2: 44650
A3: AXL11469 | B3: KAIP2 | C3: L | D3: AXLE COUNTER ZP 61 BOO | E3: B010 | F3: AXC.ZP61.BOO | G3: SIEMENS | H3: ZPD 43 | K3: 21022115 | M3: OSV | N3: S1.21 | O3: SE | Q3: 54,688 | R3: 54,688 | S3: 0,000 | T3: JAKBOOD01-THU1-ST_BOO-SDF002 | U3: 0010 | V3: CRTE | W3: TS BMN | X3: 44650
A4: AXL11470 | B4: KAIP2 | C4: L | D4: AXLE COUNTER ZP 62A BOO | E4: B010 | F4: AXC.ZP62A.BOO | G4: SIEMENS | H4: ZPD 43 | K4: 21022115 | M4: OSV | N4: S1.21 | O4: SE | Q4: 54,770 | R4: 54,770 | S4: 0,000 | T4: JAKBOOD01-THU1-ST_BOO-SDF003 | U4: 0010 | V4: CRTE | W4: TS BMN | X4: 44650
A5: AXL11471 | B5: KAIP2 | C5: L | D5: AXLE COUNTER ZP 42C BOO | E5: B010 | F5: AXC.ZP42C.BOO | G5: SIEMENS | H5: ZPD 43 | K5: 21022115 | M5: OSV | N5: S1.21 | O5: SE | Q5: 54,872 | R5: 54,872 | S5: 0,000 | T5: JAKBOOD01-THU1-ST_BOO-SDF004 | U5: 0010 | V5: CRTE | W5: TS BMN | X5: 44650
A6: AXL11472 | B6: KAIP2 | C6: L | D6: AXLE COUNTER ZP 41B BOO | E6: B010 | F6: AXC.ZP41B.BOO | G6: SIEMENS | H6: ZPD 43 | K6: 21022115 | M6: OSV | N6: S1.21 | O6: SE | Q6: 54,729 | R6: 54,729 | S6: 0,000 | T6: JAKBOOD01-THU1-ST_BOO-SDF005 | U6: 0010 | V6: CRTE | W6: TS BMN | X6: 44650
A7: AXL11473 | B7: KAIP2 | C7: L | D7: AXLE COUNTER ZP 42A BOO | E7: B010 | F7: AXC.ZP42A.BOO | G7: SIEMENS | H7: ZPD 43 | K7: 21022115 | M7: OSV | N7: S1.21 | O7: SE | Q7: 54,568 | R7: 54,568 | S7: 0,000 | T7: JAKBOOD01-THU1-ST_BOO-SDF006 | U7: 0010 | V7: CRTE | W7: TS BMN | X7: 44650
A8: AXL11474 | B8: KAIP2 | C8: L | D8: AXLE COUNTER ZP 42B BOO | E8: B010 | F8: AXC.ZP42B.BOO | G8: SIEMENS | H8: ZPD 43 | K8: 21022115 | M8: OSV | N8: S1.21 | O8: SE | Q8: 54,770 | R8: 54,770 | S8: 0,000 | T8: JAKBOOD01-THU1-ST_BOO-SDF007 | U8: 0010 | V8: CRTE | W8: TS BMN | X8: 44650
A9: AXL11475 | B9: KAIP2 | C9: L | D9: AXLE COUNTER ZP 62B BOO | E9: B010 | F9: AXC.ZP62B.BOO | G9: SIEMENS | H9: ZPD 43 | K9: 21022115 | M9: OSV | N9: S1.21 | O9: SE | Q9: 54,872 | R9: 54,872 | S9: 0,000 | T9: JAKBOOD01-THU1-ST_BOO-SDF008 | U9: 0010 | V9: CRTE | W9: TS BMN | X9: 44650
A10: AXL11476 | B10: KAIP2 | C10: L | D10: AXLE COUNTER ZP 23A BOO | E10: B010 | F10: AXC.ZP23A.BOO | G10: SIEMENS | H10: ZPD 43 | K10: 21022115 | M10: OSV | N10: S1.21 | O10: SE | Q10: 54,965 | R10: 54,965 | S10: 0,000 | T10: JAKBOOD01-THU1-ST_BOO-SDF009 | U10: 0010 | V10: CRTE | W10: TS BMN | X10: 44650
A11: AXL11477 | B11: KAIP2 | C11: L | D11: AXLE COUNTER ZP 23B BOO | E11: B010 | F11: AXC.ZP23B.BOO | G11: SIEMENS | H11: ZPD 43 | K11: 21022115 | M11: OSV | N11: S1.21 | O11: SE | Q11: 54,965 | R11: 54,965 | S11: 0,000 | T11: JAKBOOD01-THU1-ST_BOO-SDF010 | U11: 0010 | V11: CRTE | W11: TS BMN | X11: 44650
A12: AXL11478 | B12: KAIP2 | C12: L | D12: AXLE COUNTER ZP 24B BOO | E12: B010 | F12: AXC.ZP24B.BOO | G12: SIEMENS | H12: ZPD 43 | K12: 21022115 | M12: OSV | N12: S1.21 | O12: SE | Q12: 55,054 | R12: 55,054 | S12: 0,000 | T12: JAKBOOD01-THU1-ST_BOO-SDF011 | U12: 0010 | V12: CRTE | W12: TS BMN | X12: 44650
A13: AXL11479 | B13: KAIP2 | C13: L | D13: AXLE COUNTER ZP 24A BOO | E13: B010 | F13: AXC.ZP24A.BOO | G13: SIEMENS | H13: ZPD 43 | K13: 21022115 | M13: OSV | N13: S1.21 | O13: SE | Q13: 55,022 | R13: 55,022 | S13: 0,000 | T13: JAKBOOD01-THU1-ST_BOO-SDF012 | U13: 0010 | V13: CRTE | W13: TS BMN | X13: 44650
... A140: AXL11707 | B140: KAIP2 | C140: L | D140: AXLE COUNTER ZP 10B CLT | E140: B010 | F140: AXC.ZP10B.CLT | G140: SIEMENS | H140: ZPD 43 | K140: 21022115 | M140: OSV | N140: S1.21 | O140: SE | Q140: 47,087 | R140: 47,087 | S140: 0,000 | T140: JAKBOOD01-THU1-ST_CLT-SDF014 | U140: 0010 | V140: CRTE | W140: TS BMN | X140: 44819
A141: BOOYK_D01-THU1-ST_MSG-SBF006 | B141: KAIL2 | C141: L | D141: SINYAL MASUK J10 MSG | E141: B010 | N141: S1.21 | O141: SE | Q141: 0,000 | R141: 0,000 | S141: 0,000 | V141: CRTE | W141: ACT NOMA | X141: 44660
A142: CDA10061 | B142: KAIP2 | C142: L | D142: CATU DAYA ER SINYAL BOO | E142: B010 | N142: S1.21 | O142: CD | Q142: 0,000 | R142: 0,000 | S142: 0,000 | U142: 0010 | V142: CRTE | W142: SC BMN | X142: 44650
A143: CDA10062 | B143: KAIP2 | C143: L | D143: CATU DAYA ER SINYAL BOP | E143: B010 | N143: S1.21 | O143: CD | Q143: 0,000 | R143: 0,000 | S143: 0,000 | U143: 0010 | V143: CRTE | W143: SC BMN | X143: 44660
A144: CDA10063 | B144: KAIP2 | C144: L | D144: CATU DAYA ER SINYAL BTT | E144: B010 | N144: S1.21 | O144: CD | Q144: 0,000 | R144: 0,000 | S144: 0,000 | U144: 0010 | V144: CRTE | W144: SC BMN | X144: 44660
A145: CDA10064 | B145: KAIP2 | C145: L | D145: CATU DAYA ER SINYAL IB COS | E145: B010 | N145: S1.21 | O145: CD | Q145: 0,000 | R145: 0,000 | S145: 0,000 | U145: 0010 | V145: CRTE | W145: SC BMN | X145: 44660
A146: CDA10065 | B146: KAIP2 | C146: L | D146: CATU DAYA ER SINYAL MSG | E146: B010 | N146: S1.21 | O146: CD | Q146: 0,000 | R146: 0,000 | S146: 0,000 | U146: 0010 | V146: CRTE | W146: SC BMN | X146: 44660
A147: CDA10066 | B147: KAIP2 | C147: L | D147: CATU DAYA ER SINYAL IB CGB | E147: B010 | N147: S1.21 | O147: CD | Q147: 0,000 | R147: 0,000 | S147: 0,000 | U147: 0010 | V147: CRTE | W147: SC BMN | X147: 44660
A148: CDA10068 | B148: KAIP2 | C148: L | D148: CATU DAYA ER RADIO CIOMAS | E148: B010 | N148: S1.21 | O148: CD | Q148: 0,000 | R148: 0,000 | S148: 0,000 | U148: 0010 | V148: CRTE | W148: SC BMN | X148: 44660
A149: CDA10069 | B149: KAIP2 | C149: L | D149: CATU DAYA ER SINYAL CLT | E149: B010 | N149: S1.21 | O149: CD | Q149: 0,000 | R149: 0,000 | S149: 0,000 | U149: 0010 | V149: CRTE | W149: SC BMN | X149: 44819
A150: CDA10070 | B150: KAIP2 | C150: L | D150: GENSET ER SINYAL CLT | E150: B010 | G150: YANMAR | K150: 21022115 | M150: OSV | N150: S1.21 | O150: CD | Q150: 47,249 | R150: 47,249 | S150: 0,000 | U150: 0010 | V150: INAC | W150: SC BMN | X150: 44819
A151: CDA10136 | B151: KAIP2 | C151: L | D151: GENSET ER RADIO BOO | E151: B010 | F151: GST.RXX.BOO | G151: BISMA | I151: 15 KVA | K151: 21022115 | M151: OSV | N151: S1.21 | O151: CD | Q151: 54,700 | R151: 54,700 | S151: 0,000 | T151: ST_BOOD01-BR | U151: 0010 | V151: CRTE | W151: TS BMN | X151: 32874
A152: CDA10137 | B152: KAIP2 | C152: L | D152: GENSET ER RADIO CS | E152: B010 | F152: GST.ER.RADIO.COS | G152: YANMAR | I152: 6 KVA | K152: 21022115 | M152: OSV | N152: S1.21 | O152: CD | Q152: 9,445 | R152: 9,445 | S152: 0,000 | T152: ST_CS_D01-BR | U152: 0010 | V152: CRTE | W152: TS BMN | X152: 44660
A153: CDA10145 | B153: KAIP2 | C153: L | D153: GENSET ER SINYAL BOO | E153: B010 | F153: GST.ER.SYL.BOO | G153: YANMAR | I153: 40 KVA | K153: 21022115 | M153: OSV | N153: S1.21 | O153: CD | Q153: 54,886 | R153: 54,886 | S153: 0,000 | T153: ST_BOOD01-ER | U153: 0010 | V153: CRTE | W153: TS BMN | X153: 44650
A154: CDA10146 | B154: KAIP2 | C154: L | D154: GENSET ER SINYAL BOP | E154: B010 | F154: GST.ER.RADIO.BOP | G154: YANMAR | I154: 15KVA | K154: 21022115 | M154: OSV | N154: S1.21 | O154: CD | Q154: 0,450 | R154: 0,450 | S154: 0,000 | T154: ST_BOOD01-ER | U154: 0010 | V154: CRTE | W154: TS BMN | X154: 44660
A155: CDA10147 | B155: KAIP2 | C155: L | D155: GENSET ER SINYAL BTT | E155: B010 | F155: GST.ER.SYL.BTT | G155: YANMAR | I155: 20KVA | K155: 21022115 | M155: OSV | N155: S1.21 | O155: CD | Q155: 4,378 | R155: 4,378 | S155: 0,000 | T155: ST_BTTD01-ER | U155: 0010 | V155: CRTE | W155: TS BMN | X155: 44660
A156: CDA10148 | B156: KAIP2 | C156: L | D156: GENSET ER SINYAL CGB | E156: B010 | F156: GST.ER.SYL.IB.CGB | G156: YANMAR | I156: 6 KVA | K156: 21022115 | M156: OSV | N156: S1.21 | O156: CD | Q156: 19,620 | R156: 19,620 | S156: 0,000 | T156: ST_CGBD01-ER | U156: 0010 | V156: CRTE | W156: TS BMN | X156: 44660
A157: CDA10150 | B157: KAIP2 | C157: L | D157: GENSET ER SINYAL CS | E157: B010 | F157: GST.ER.SYL.IB.COM | G157: YANMAR | I157: 6 KVA | K157: 21022115 | M157: OSV | N157: S1.21 | O157: CD | Q157: 9,445 | R157: 9,445 | S157: 0,000 | T157: ST_CS_D01-ER | U157: 0010 | V157: CRTE | W157: TS BMN | X157: 44660
A158: CDA10151 | B158: KAIP2 | C158: L | D158: GENSET ER SINYAL CLT | E158: B010 | F158: GST.ER.SYL.CLT | G158: YANMAR | I158: 40 KVA | K158: 21022115 | M158: OSV | N158: S1.21 | O158: CD | Q158: 47,249 | R158: 47,249 | S158: 0,000 | T158: ST_CLTD01-ER | U158: 0010 | V158: CRTE | W158: TS BMN | X158: 44819
A159: CDA10154 | B159: KAIP2 | C159: L | D159: GENSET ER SINYAL MSG | E159: B010 | F159: GST.ER.SYL.MSG | G159: YANMAR | I159: 15 KVA | K159: 21022115 | M159: OSV | N159: S1.21 | O159: CD | Q159: 14,096 | R159: 14,096 | S159: 0,000 | T159: ST_MSGD01-ER | U159: 0010 | V159: CRTE | W159: TS BMN | X159: 44660
A160: CDA10246 | B160: KAIP2 | C160: L | D160: UPS ER RADIO BOO | E160: B010 | F160: UPS.RXX.BOO | G160: PILLER | I160: 20 KVA | K160: 21022115 | M160: OSV | N160: S1.21 | O160: CD | Q160: 54,700 | R160: 54,700 | S160: 0,000 | T160: ST_BOOD01-BR | U160: 0010 | V160: CRTE | W160: TS BMN | X160: 32874
A161: CDA10247 | B161: KAIP2 | C161: L | D161: UPS ER RADIO CS | E161: B010 | F161: UPS.ER.RADIO.COS | G161: PILLER | I161: 5 KVA | K161: 21022115 | M161: OSV | N161: S1.21 | O161: CD | Q161: 9,445 | R161: 9,445 | S161: 0,000 | T161: ST_CS_D01-BR | U161: 0010 | V161: CRTE | W161: TS BMN | X161: 44660
A162: CDA10251 | B162: KAIP2 | C162: L | D162: UPS ER SINYAL BOO | E162: B010 | F162: UPS.ER.SYL.BOO | G162: PILLER | I162: 40 KVA | K162: 21022115 | M162: OSV | N162: S1.21 | O162: CD | Q162: 54,886 | R162: 54,886 | S162: 0,000 | T162: ST_BOOD01-ER | U162: 0010 | V162: CRTE | W162: TS BMN | X162: 44650
... A177: CDA10396 | B177: KAIP2 | C177: L | D177: BATTERE ER SINYAL MSG | E177: B010 | F177: BATT.ER.SYL.MSG | G177: GENESIS | I177: 40/12V/100AH | K177: 21022115 | M177: OSV | N177: S1.21 | O177: CD | Q177: 14,096 | R177: 14,096 | S177: 0,000 | T177: ST_MSGD01-ER | U177: 0010 | V177: CRTE | W177: TS BMN | X177: 44660
A178: INB10008 | B178: KAIP2 | C178: L | D178: KONTAK DETEKSI BTT DARI BOO | E178: B010 | F178: KD.CDG-KEN | K178: 21022115 | M178: OSV | N178: S1.21 | O178: SM | V178: INAC | W178: SC BMN
A179: INB10238 | B179: KAIP2 | C179: L | D179: CATU DAYA ER CLT | E179: B010 | N179: S1.21 | Q179: 0,000 | R179: 0,000 | S179: 0,000 | U179: 10 | V179: INAC | W179: SC BMN
A180: INB10239 | B180: KAIP2 | C180: L | D180: PANEL LCP CLT | E180: B010 | F180: LCP.CLT | K180: 21022115 | M180: OSV | N180: S1.21 | O180: SE | V180: INAC DLFL | W180: SC BMN
A181: INB10240 | B181: KAIP2 | C181: L | D181: INTERLOCKING ELEKTRIK SSI 10 BOO | E181: B010 | N181: S1.21 | Q181: 0,000 | R181: 0,000 | S181: 0,000 | U181: 10 | V181: INAC | W181: SC BMN
A182: INB10241 | B182: KAIP2 | C182: L | D182: INTERLOCKING ELEKTRIK SSI 11 BOO | E182: B010 | N182: S1.21 | Q182: 0,000 | R182: 0,000 | S182: 0,000 | U182: 10 | V182: INAC | W182: SC BMN
A183: INB10242 | B183: KAIP2 | C183: L | D183: DATA LOGGER BOO | E183: B010 | N183: S1.21 | Q183: 0,000 | R183: 0,000 | S183: 0,000 | U183: 10 | V183: INAC | W183: SC BMN
A184: INB10243 | B184: KAIP2 | C184: L | D184: CTS BOO | E184: B010 | N184: S1.21 | Q184: 0,000 | R184: 0,000 | S184: 0,000 | U184: 10 | V184: INAC | W184: SC BMN
A185: INB10244 | B185: KAIP2 | C185: L | D185: TECHNICIAN TERMINAL BOO | E185: B010 | N185: S1.21 | Q185: 0,000 | R185: 0,000 | S185: 0,000 | U185: 10 | V185: INAC | W185: SC BMN
A186: INB10245 | B186: KAIP2 | C186: L | D186: ER RACK A BOO | E186: B010 | N186: S1.21 | Q186: 0,000 | R186: 0,000 | S186: 0,000 | U186: 10 | V186: INAC | W186: SC BMN
A187: INB10246 | B187: KAIP2 | C187: L | D187: ER RACK B BOO | E187: B010 | N187: S1.21 | Q187: 0,000 | R187: 0,000 | S187: 0,000 | U187: 10 | V187: INAC | W187: SC BMN
A188: INB10247 | B188: KAIP2 | C188: L | D188: ER RACK C BOO | E188: B010 | N188: S1.21 | Q188: 0,000 | R188: 0,000 | S188: 0,000 | U188: 10 | V188: INAC | W188: SC BMN
A189: INB10248 | B189: KAIP2 | C189: L | D189: ER RACK D BOO | E189: B010 | N189: S1.21 | Q189: 0,000 | R189: 0,000 | S189: 0,000 | U189: 10 | V189: INAC | W189: SC BMN
A190: INB10249 | B190: KAIP2 | C190: L | D190: ER RACK E BOO | E190: B010 | N190: S1.21 | Q190: 0,000 | R190: 0,000 | S190: 0,000 | U190: 10 | V190: INAC | W190: SC BMN
A191: INB10250 | B191: KAIP2 | C191: L | D191: CATU DAYA ER BOO | E191: B010 | N191: S1.21 | Q191: 0,000 | R191: 0,000 | S191: 0,000 | U191: 10 | V191: INAC | W191: SC BMN
A192: INB10251 | B192: KAIP2 | C192: L | D192: INTERLOCKING MEKANIK BTT | E192: B010 | F192: ILM.BTT | G192: SIEMENS | H192: S&H | K192: 21022115 | M192: OSV | N192: S1.21 | O192: SM | V192: INAC DLFL | W192: SC BMN
A193: INB10252 | B193: KAIP2 | C193: L | D193: INTERLOCKING MEKANIK MSG | E193: B010 | F193: ILM.MSG | G193: SIEMENS | H193: S&H | K193: 21022115 | M193: OSV | N193: S1.21 | O193: SM | V193: INAC DLFL | W193: SC BMN
A194: INB10253 | B194: KAIP2 | C194: L | D194: INTERLOCKING MEKANIK CGB | E194: B010 | K194: 21022115 | M194: OSV | N194: S1.21 | O194: SM | Q194: 0,000 | R194: 0,000 | S194: 0,000 | V194: INAC | W194: SC
A195: INB10260 | B195: KAIP2 | C195: L | D195: KONTAK DETEKSI BTT DARI BOO | E195: B010 | F195: KD.BTT-BOO | K195: 21022115 | M195: OSV | N195: S1.21 | O195: SM | V195: INAC | W195: SC BMN
A196: INB10261 | B196: KAIP2 | C196: L | D196: KONTAK DETEKSI BTT DARI MSG | E196: B010 | F196: KD.BTT-MSG | K196: 21022115 | M196: OSV | N196: S1.21 | O196: SM | V196: INAC | W196: SC BMN
A197: INB10262 | B197: KAIP2 | C197: L | D197: KONTAK DETEKSI MSG DARI BTT | E197: B010 | F197: KD.MSG-BTT | K197: 21022115 | M197: OSV | N197: S1.21 | O197: SM | V197: INAC | W197: SC BMN
A198: INB10263 | B198: KAIP2 | C198: L | D198: KONTAK DETEKSI MSG DARI CGB | E198: B010 | K198: 21022115 | M198: OSV | N198: S1.21 | O198: SM | Q198: 0,000 | R198: 0,000 | S198: 0,000 | V198: INAC | W198: SC
A199: INB10264 | B199: KAIP2 | C199: L | D199: KONTAK DETEKSI CGB DARI MSG | E199: B010 | K199: 21022115 | M199: OSV | N199: S1.21 | O199: SM | Q199: 0,000 | R199: 0,000 | S199: 0,000 | V199: INAC | W199: SC
A200: INB10265 | B200: KAIP2 | C200: L | D200: KONTAK DETEKSI CGB DARI CCR | E200: B010 | F200: KD.CGB-CCR | K200: 21022115 | M200: OSV | N200: S1.21 | O200: SM | Q200: 0,000 | R200: 0,000 | S200: 0,000 | V200: INAC | W200: SC BMN
A201: INB10266 | B201: KAIP2 | C201: L | D201: KONTAK DETEKSI CCR DARI CGB | E201: B010 | K201: 21022115 | M201: OSV | N201: S1.21 | O201: SM | Q201: 0,000 | R201: 0,000 | S201: 0,000 | V201: INAC | W201: SC
A202: INB10303 | B202: KAIP2 | C202: L | D202: CATU DAYA ER BTT | E202: B010 | F202: CD.ER.BTT | K202: 21022115 | M202: OSV | N202: S1.21 | O202: CD | U202: 10 | V202: INAC | W202: TS BMN
A203: INB10304 | B203: KAIP2 | C203: L | D203: CATU DAYA ER MSG | E203: B010 | F203: CD.ER.MSG | K203: 21022115 | M203: OSV | N203: S1.21 | O203: CD | U203: 10 | V203: INAC | W203: TS BMN
A204: INB10305 | B204: KAIP2 | C204: L | D204: CATU DAYA ER TELEKOMUNIKASI CGB | E204: B010 | F204: CD.ER.TLK.CGB | K204: 21022115 | M204: OSV | N204: S1.21 | O204: CD | U204: 0010 | V204: INAC | W204: TS BMN
A205: INB10306 | B205: KAIP2 | C205: L | D205: GENSET BTT | E205: B010 | F205: GENSET.ER.BTT | G205: YANMAR | K205: 21022115 | M205: OSV | N205: S1.21 | O205: CD | U205: 10 | V205: INAC | W205: TS BMN
A206: INB10307 | B206: KAIP2 | C206: L | D206: GENSET MSG | E206: B010 | F206: GENSET.ER.MSG | G206: YANMAR | K206: 21022115 | M206: OSV | N206: S1.21 | O206: CD | U206: 10 | V206: INAC | W206: TS BMN
A207: INB10308 | B207: KAIP2 | C207: L | D207: GENSET CGB | E207: B010 | F207: GENSET.ER.CGB | G207: YANMAR | K207: 21022115 | M207: OSV | N207: S1.21 | O207: CD | U207: 10 | V207: INAC | W207: TS BMN
A208: INB10309 | B208: KAIP2 | C208: L | D208: GENSET BOO | E208: B010 | K208: 21022115 | M208: OSV | N208: S1.21 | O208: CD | Q208: 54,800 | R208: 54,800 | S208: 0,000 | U208: 0010 | V208: INAC | W208: SC BMN
A209: INB10314 | B209: KAIP2 | C209: L | D209: PC VDU BOO | E209: B010 | N209: S1.21 | Q209: 0,000 | R209: 0,000 | S209: 0,000 | U209: 10 | V209: INAC | W209: SC BMN
A210: INB10315 | B210: KAIP2 | C210: L | D210: PC VDU CLT | E210: B010 | N210: S1.21 | Q210: 0,000 | R210: 0,000 | S210: 0,000 | U210: 10 | V210: INAC | W210: SC BMN
A211: INB10339 | B211: KAIP2 | C211: L | D211: CTS CLT | E211: B010 | N211: S1.21 | Q211: 0,000 | R211: 0,000 | S211: 0,000 | U211: 10 | V211: INAC | W211: SC BMN
A212: INB10371 | B212: KAIP2 | C212: L | D212: INTERLOCKING SSI CLT | E212: B010 | F212: ILE.SSI.CLT | G212: SSI | H212: SSI | K212: 21022115 | M212: OSV | N212: S1.21 | O212: SE | U212: 0010 | V212: INAC DLFL | W212: SC BMN
A213: INB10424 | B213: KAIP2 | C213: L | D213: PANEL PELAYANAN CLT | E213: B010 | N213: S1.21 | U213: 10 | V213: INAC | W213: SC BMN
A214: INB10425 | B214: KAIP2 | C214: L | D214: PANEL PELAYANAN BOO | E214: B010 | N214: S1.21 | Q214: 0,000 | R214: 0,000 | S214: 0,000 | U214: 10 | V214: INAC | W214: SC BMN
A215: INB10512 | B215: KAIP2 | C215: L | D215: PANEL PELAYANAN VDU 1 BOO | E215: B010 | F215: PC.VDU.1.BOO | G215: LRS | H215: VDU | K215: 21022115 | M215: OSV | N215: S1.21 | O215: SE | Q215: 54,886 | R215: 54,886 | S215: 0,000 | T215: ST_BOOD01-BOOA | U215: 0010 | V215: CRTE | W215: TS BMN | X215: 44650
A216: INB10513 | B216: KAIP2 | C216: L | D216: PANEL PELAYANAN VDU 2 BOO | E216: B010 | F216: PC.VDU.2.BOO | G216: LRS | H216: VDU | K216: 21022115 | M216: OSV | N216: S1.21 | O216: SE | Q216: 54,886 | R216: 54,886 | S216: 0,000 | T216: ST_BOOD01-BOOA | U216: 0010 | V216: CRTE | W216: TS BMN | X216: 44650
A217: INB10514 | B217: KAIP2 | C217: L | D217: PANEL PELAYANAN VDU 1 BOP | E217: B010 | F217: PC.VDU.1.BOP | G217: LRS | H217: VDU | K217: 21022115 | M217: OSV | N217: S1.21 | O217: SE | Q217: 0,412 | R217: 0,412 | S217: 0,000 | T217: ST_BOPD01-BOOA | U217: 0010 | V217: CRTE | W217: TS BMN | X217: 44660
A218: INB10515 | B218: KAIP2 | C218: L | D218: PANEL PELAYANAN VDU 2 BOP | E218: B010 | F218: PC.VDU.2.BOP | G218: LRS | H218: VDU | K218: 21022115 | M218: OSV | N218: S1.21 | O218: SE | Q218: 0,412 | R218: 0,412 | S218: 0,000 | T218: ST_BOPD01-BOOA | U218: 0010 | V218: CRTE | W218: TS BMN | X218: 44660
A219: INB10516 | B219: KAIP2 | C219: L | D219: PANEL PELAYANAN VDU BTT | E219: B010 | F219: PC.VDU.BTT | G219: LRS | H219: VDU | K219: 21022115 | M219: OSV | N219: S1.21 | O219: SE | Q219: 4,378 | R219: 4,378 | S219: 0,000 | T219: ST_BTTD01-BOOA | U219: 0010 | V219: CRTE | W219: TS BMN | X219: 44660
A220: INB10517 | B220: KAIP2 | C220: L | D220: PANEL PELAYANAN VDU 1 MSG | E220: B010 | F220: PC.VDU.1.MSG | G220: LRS | H220: VDU | K220: 21022115 | M220: OSV | N220: S1.21 | O220: SE | Q220: 14,096 | R220: 14,096 | S220: 0,000 | T220: ST_MSGD01-BOOA | U220: 0010 | V220: CRTE | W220: TS BMN | X220: 44660
A221: INB10518 | B221: KAIP2 | C221: L | D221: PANEL PELAYANAN VDU 2 MSG | E221: B010 | F221: PC.VDU.2.MSG | G221: LRS | H221: VDU | K221: 21022115 | M221: OSV | N221: S1.21 | O221: SE | Q221: 14,096 | R221: 14,096 | S221: 0,000 | T221: ST_MSGD01-BOOA | U221: 0010 | V221: CRTE | W221: TS BMN | X221: 44660
A222: INB10519 | B222: KAIP2 | C222: L | D222: INTERLOCKING ELEKTRIK SIL-02 (HIMA) BOO | E222: B010 | F222: IL.SIL.SAFE4000.BOO | G222: LRS | H222: SIL-02 (HIMA) | K222: 21022115 | M222: OSV | N222: S1.21 | O222: SE | Q222: 54,886 | R222: 54,886 | S222: 0,000 | T222: ST_BOOD01-ER | U222: 10 | V222: CRTE | W222: TS BMN | X222: 44650
A223: INB10520 | B223: KAIP2 | C223: L | D223: INTERLOCKING ELEKTRIK SIL-02 (HIMA) BOP | E223: B010 | F223: IL.SIL.SAFE4000.BOP | G223: LRS | H223: SIL-02 (HIMA) | K223: 21022115 | M223: OSV | N223: S1.21 | O223: SE | Q223: 0,425 | R223: 0,425 | S223: 0,000 | T223: ST_BOPD01-ER | U223: 10 | V223: CRTE | W223: TS BMN | X223: 44660
A224: INB10521 | B224: KAIP2 | C224: L | D224: INTERLOCKING ELEKTRIK SIL-02 (HIMA) BTT | E224: B010 | F224: IL.SIL.SAFE4000.BTT | G224: LRS | H224: SIL-02 (HIMA) | K224: 21022115 | M224: OSV | N224: S1.21 | O224: SE | Q224: 4,378 | R224: 4,378 | S224: 0,000 | T224: ST_BTTD01-ER | U224: 10 | V224: CRTE | W224: TS BMN | X224: 44660
A225: INB10522 | B225: KAIP2 | C225: L | D225: INTERLOCKING ELEKTRIK SIL-02 (HIMA) MSG | E225: B010 | F225: IL.SIL.SAFE4000.MSG | G225: LRS | H225: SIL-02 (HIMA) | K225: 21022115 | M225: OSV | N225: S1.21 | O225: SE | Q225: 14,096 | R225: 14,096 | S225: 0,000 | T225: ST_MSGD01-ER | U225: 10 | V225: CRTE | W225: TS BMN | X225: 44660
A226: INB10523 | B226: KAIP2 | C226: L | D226: INTERMEDIATE BLOK SIL SAFE 4000 COS | E226: B010 | F226: IB.SIL.SAFE4000.COS | G226: LEN | H226: SIL-02 (HIMAX) | I226: SIL 02 NEXT-G | K226: 21022115 | M226: OSV | N226: S1.21 | O226: SE | Q226: 9,470 | R226: 9,470 | S226: 0,000 | T226: ST_CS_D01-ER | U226: 0010 | V226: CRTE | W226: TS BMN | X226: 44660
A227: INB10524 | B227: KAIP2 | C227: L | D227: INTERMEDIATE BLOK SIL SAFE 4000 CGB | E227: B010 | F227: IB.SIL.SAFE4000.CGB | G227: LEN | H227: SIL-02 (HIMAX) | I227: SIL 02 NEXT-G | K227: 21022115 | M227: OSV | N227: S1.21 | O227: SE | Q227: 19,585 | R227: 19,585 | S227: 0,000 | T227: ST_CGBD01-ER | U227: 0010 | V227: CRTE | W227: TS BMN | X227: 44660
A228: INB10529 | B228: KAIP2 | C228: L | D228: PANEL DISPLAY PENGENDALI TSC BOO | E228: B010 | F228: TSC.BOO | G228: LEN | H228: VDU | I228: SIL 02 NEXT-G | K228: 21022115 | M228: OSV | N228: S1.21 | O228: SE | Q228: 54,886 | R228: 54,886 | S228: 0,000 | T228: ST_BOOD01-ER | U228: 0010 | V228: CRTE | W228: TS BMN | X228: 44660
A229: INB10530 | B229: KAIP2 | C229: L | D229: DATA LOGGER BOO | E229: B010 | F229: DL.BOO. | G229: LEN | I229: SIL 02 NEXT-G | K229: 21022115 | M229: OSV | N229: S1.21 | O229: SE | Q229: 54,886 | R229: 54,886 | S229: 0,000 | T229: ST_BOOD01-ER | U229: 0010 | V229: CRTE | W229: TS BMN | X229: 44660
A230: INB10531 | B230: KAIP2 | C230: L | D230: DATA LOGGER BOP | E230: B010 | F230: DL.BOP | G230: LEN | I230: SIL 02 NEXT-G | K230: 21022115 | M230: OSV | N230: S1.21 | O230: SE | Q230: 0,450 | R230: 0,450 | S230: 0,000 | T230: ST_BOPD01-ER | U230: 0010 | V230: CRTE | W230: TS BMN | X230: 44660
A231: INB10532 | B231: KAIP2 | C231: L | D231: DATA LOGGER BTT | E231: B010 | F231: DL.BTT | G231: LEN | I231: SIL 02 NEXT-G | K231: 21022115 | M231: OSV | N231: S1.21 | O231: SE | Q231: 4,378 | R231: 4,378 | S231: 0,000 | T231: ST_BTTD01-ER | U231: 0010 | V231: CRTE | W231: TS BMN | X231: 44660
A232: INB10533 | B232: KAIP2 | C232: L | D232: DATA LOGGER MSG | E232: B010 | F232: DL.MSG | G232: LEN | I232: SIL 02 NEXT-G | K232: 21022115 | M232: OSV | N232: S1.21 | O232: SE | Q232: 14,096 | R232: 14,096 | S232: 0,000 | T232: ST_MSGD01-ER | U232: 0010 | V232: CRTE | W232: TS BMN | X232: 44660
A233: INB10534 | B233: KAIP2 | C233: L | D233: TECHNICIAN TERMINAL BOP | E233: B010 | G233: LEN | K233: 21022115 | M233: OSV | N233: S1.21 | O233: SE | Q233: 0,450 | R233: 0,450 | S233: 0,000 | U233: 0010 | V233: INAC | W233: SC BMN | X233: 44660
A234: INB10535 | B234: KAIP2 | C234: L | D234: TECHNICIAN TERMINAL BOO | E234: B010 | G234: LEN | K234: 21022115 | M234: OSV | N234: S1.21 | O234: SE | Q234: 54,886 | R234: 54,886 | S234: 0,000 | U234: 0010 | V234: INAC | W234: SC BMN | X234: 44660
A235: INB10536 | B235: KAIP2 | C235: L | D235: TECHNICIAN TERMINAL BTT | E235: B010 | G235: LEN | K235: 21022115 | M235: OSV | N235: S1.21 | O235: SE | Q235: 4,378 | R235: 4,378 | S235: 0,000 | U235: 0010 | V235: INAC | W235: SC BMN | X235: 44660
A236: INB10537 | B236: KAIP2 | C236: L | D236: TECHNICIAN TERMINAL MSG | E236: B010 | G236: LEN | K236: 21022115 | M236: OSV | N236: S1.21 | O236: SE | Q236: 14,096 | R236: 14,096 | S236: 0,000 | U236: 0010 | V236: INAC | W236: SC BMN | X236: 44660
A237: INB10538 | B237: KAIP2 | C237: L | D237: INTERLOCKING ELEKTRIK SIL-02 (HIMA) CLT | E237: B010 | F237: IL.SIL.SAFE4000.CLT | G237: LRS | H237: SIL-02 (HIMA) | K237: 21022115 | M237: OSV | N237: S1.21 | O237: SE | Q237: 47,249 | R237: 47,249 | S237: 0,000 | T237: ST_CLTD01-ER | U237: 10 | V237: CRTE | W237: TS BMN | X237: 44819
A238: INB10539 | B238: KAIP2 | C238: L | D238: DATA LOGGER CLT | E238: B010 | F238: DL.CLT | G238: LEN | I238: SIL 02 NEXT-G | K238: 21022115 | M238: OSV | N238: S1.21 | O238: SE | Q238: 47,249 | R238: 47,249 | S238: 0,000 | T238: ST_CLTD01-ER | U238: 0010 | V238: CRTE | W238: TS BMN | X238: 44819
A239: INB10540 | B239: KAIP2 | C239: L | D239: TECHNICIAN TERMINAL CLT | E239: B010 | G239: LEN | I239: SIL 02 NEXT-G | K239: 21022115 | M239: OSV | N239: S1.21 | O239: SE | Q239: 47,249 | R239: 47,249 | S239: 0,000 | U239: 0010 | V239: INAC | W239: SC BMN | X239: 44819
A240: INB10541 | B240: KAIP2 | C240: L | D240: PANEL PELAYANAN VDU 1 CLT | E240: B010 | F240: PC.VDU.1.CLT | K240: 21022115 | M240: OSV | N240: S1.21 | O240: SE | Q240: 47,261 | R240: 47,261 | S240: 0,000 | T240: ST_CLTD01-BOOA | U240: 0010 | V240: CRTE | W240: TS BMN | X240: 44819
...

Sheet CRTE REV.2
A1: Functional Loc. | B1: No. K A I | C1: Description | D1: Catalog profile | E1: System status | F1: Cek aset baru | H1: Cek perubahan deskripsi
A2: AXL11468 | B2: AXC.ZP60.BOO | C2: AXLE COUNTER ZP 60 BOO | D2: SE | E2: CRTE | F2: =VLOOKUP(A2,'CRTE REV.'!$A$2:$C$485,1,0) -> AXL11468 | H2: =VLOOKUP(A2,'CRTE REV.'!$A$2:$C$485,3,0) -> AXLE COUNTER ZP 60 BOO
A3: AXL11469 | B3: AXC.ZP61.BOO | C3: AXLE COUNTER ZP 61 BOO | D3: SE | E3: CRTE | F3: =VLOOKUP(A3,'CRTE REV.'!$A$2:$C$485,1,0) -> AXL11469 | H3: =VLOOKUP(A3,'CRTE REV.'!$A$2:$C$485,3,0) -> AXLE COUNTER ZP 61 BOO
A4: AXL11470 | B4: AXC.ZP62A.BOO | C4: AXLE COUNTER ZP 62A BOO | D4: SE | E4: CRTE | F4: =VLOOKUP(A4,'CRTE REV.'!$A$2:$C$485,1,0) -> AXL11470 | H4: =VLOOKUP(A4,'CRTE REV.'!$A$2:$C$485,3,0) -> AXLE COUNTER ZP 62A BOO
A5: AXL11471 | B5: AXC.ZP42C.BOO | C5: AXLE COUNTER ZP 42C BOO | D5: SE | E5: CRTE | F5: =VLOOKUP(A5,'CRTE REV.'!$A$2:$C$485,1,0) -> AXL11471 | H5: =VLOOKUP(A5,'CRTE REV.'!$A$2:$C$485,3,0) -> AXLE COUNTER ZP 42C BOO
A6: AXL11472 | B6: AXC.ZP41B.BOO | C6: AXLE COUNTER ZP 41B BOO | D6: SE | E6: CRTE | F6: =VLOOKUP(A6,'CRTE REV.'!$A$2:$C$485,1,0) -> AXL11472 | H6: =VLOOKUP(A6,'CRTE REV.'!$A$2:$C$485,3,0) -> AXLE COUNTER ZP 41B BOO
A7: AXL11473 | B7: AXC.ZP42A.BOO | C7: AXLE COUNTER ZP 42A BOO | D7: SE | E7: CRTE | F7: =VLOOKUP(A7,'CRTE REV.'!$A$2:$C$485,1,0) -> AXL11473 | H7: =VLOOKUP(A7,'CRTE REV.'!$A$2:$C$485,3,0) -> AXLE COUNTER ZP 42A BOO
A8: AXL11474 | B8: AXC.ZP42B.BOO | C8: AXLE COUNTER ZP 42B BOO | D8: SE | E8: CRTE | F8: =VLOOKUP(A8,'CRTE REV.'!$A$2:$C$485,1,0) -> AXL11474 | H8: =VLOOKUP(A8,'CRTE REV.'!$A$2:$C$485,3,0) -> AXLE COUNTER ZP 42B BOO
A9: AXL11475 | B9: AXC.ZP62B.BOO | C9: AXLE COUNTER ZP 62B BOO | D9: SE | E9: CRTE | F9: =VLOOKUP(A9,'CRTE REV.'!$A$2:$C$485,1,0) -> AXL11475 | H9: =VLOOKUP(A9,'CRTE REV.'!$A$2:$C$485,3,0) -> AXLE COUNTER ZP 62B BOO
A10: AXL11476 | B10: AXC.ZP23A.BOO | C10: AXLE COUNTER ZP 23A BOO | D10: SE | E10: CRTE | F10: =VLOOKUP(A10,'CRTE REV.'!$A$2:$C$485,1,0) -> AXL11476 | H10: =VLOOKUP(A10,'CRTE REV.'!$A$2:$C$485,3,0) -> AXLE COUNTER ZP 23A BOO
A11: AXL11477 | B11: AXC.ZP23B.BOO | C11: AXLE COUNTER ZP 23B BOO | D11: SE | E11: CRTE | F11: =VLOOKUP(A11,'CRTE REV.'!$A$2:$C$485,1,0) -> AXL11477 | H11: =VLOOKUP(A11,'CRTE REV.'!$A$2:$C$485,3,0) -> AXLE COUNTER ZP 23B BOO
A12: AXL11478 | B12: AXC.ZP24B.BOO | C12: AXLE COUNTER ZP 24B BOO | D12: SE | E12: CRTE | F12: =VLOOKUP(A12,'CRTE REV.'!$A$2:$C$485,1,0) -> AXL11478 | H12: =VLOOKUP(A12,'CRTE REV.'!$A$2:$C$485,3,0) -> AXLE COUNTER ZP 24B BOO
A13: AXL11479 | B13: AXC.ZP24A.BOO | C13: AXLE COUNTER ZP 24A BOO | D13: SE | E13: CRTE | F13: =VLOOKUP(A13,'CRTE REV.'!$A$2:$C$485,1,0) -> AXL11479 | H13: =VLOOKUP(A13,'CRTE REV.'!$A$2:$C$485,3,0) -> AXLE COUNTER ZP 24A BOO
... A140: AXL11707 | B140: AXC.ZP10B.CLT | C140: AXLE COUNTER ZP 10B CLT | D140: SE | E140: CRTE | F140: =VLOOKUP(A140,'CRTE REV.'!$A$2:$C$485,1,0) -> AXL11707 | H140: =VLOOKUP(A140,'CRTE REV.'!$A$2:$C$485,3,0) -> AXLE COUNTER ZP 10B CLT
A141: BOOYK_D01-THU1-ST_MSG-SBF006 | C141: SINYAL MASUK J10 MSG | D141: SE | E141: CRTE | F141: =VLOOKUP(A141,'CRTE REV.'!$A$2:$C$485,1,0) -> #N/A | H141: =VLOOKUP(A141,'CRTE REV.'!$A$2:$C$485,3,0) -> #N/A
A142: CDA10061 | C142: CATU DAYA ER SINYAL BOO | D142: CD | E142: CRTE | F142: =VLOOKUP(A142,'CRTE REV.'!$A$2:$C$485,1,0) -> CDA10061 | H142: =VLOOKUP(A142,'CRTE REV.'!$A$2:$C$485,3,0) -> CATU DAYA ER SINYAL BOO
A143: CDA10062 | C143: CATU DAYA ER SINYAL BOP | D143: CD | E143: CRTE | F143: =VLOOKUP(A143,'CRTE REV.'!$A$2:$C$485,1,0) -> CDA10062 | H143: =VLOOKUP(A143,'CRTE REV.'!$A$2:$C$485,3,0) -> CATU DAYA ER SINYAL BOP
A144: CDA10063 | C144: CATU DAYA ER SINYAL BTT | D144: CD | E144: CRTE | F144: =VLOOKUP(A144,'CRTE REV.'!$A$2:$C$485,1,0) -> CDA10063 | H144: =VLOOKUP(A144,'CRTE REV.'!$A$2:$C$485,3,0) -> CATU DAYA ER SINYAL BTT
A145: CDA10064 | C145: CATU DAYA ER SINYAL IB COS | D145: CD | E145: CRTE | F145: =VLOOKUP(A145,'CRTE REV.'!$A$2:$C$485,1,0) -> CDA10064 | H145: =VLOOKUP(A145,'CRTE REV.'!$A$2:$C$485,3,0) -> CATU DAYA ER SINYAL IB COS
A146: CDA10065 | C146: CATU DAYA ER SINYAL MSG | D146: CD | E146: CRTE | F146: =VLOOKUP(A146,'CRTE REV.'!$A$2:$C$485,1,0) -> CDA10065 | H146: =VLOOKUP(A146,'CRTE REV.'!$A$2:$C$485,3,0) -> CATU DAYA ER SINYAL MSG
A147: CDA10066 | C147: CATU DAYA ER SINYAL IB CGB | D147: CD | E147: CRTE | F147: =VLOOKUP(A147,'CRTE REV.'!$A$2:$C$485,1,0) -> CDA10066 | H147: =VLOOKUP(A147,'CRTE REV.'!$A$2:$C$485,3,0) -> CATU DAYA ER SINYAL IB CGB
A148: CDA10068 | C148: CATU DAYA ER RADIO CIOMAS | D148: CD | E148: CRTE | F148: =VLOOKUP(A148,'CRTE REV.'!$A$2:$C$485,1,0) -> CDA10068 | H148: =VLOOKUP(A148,'CRTE REV.'!$A$2:$C$485,3,0) -> CATU DAYA ER RADIO CIOMAS
A149: CDA10069 | C149: CATU DAYA ER SINYAL CLT | D149: CD | E149: CRTE | F149: =VLOOKUP(A149,'CRTE REV.'!$A$2:$C$485,1,0) -> CDA10069 | H149: =VLOOKUP(A149,'CRTE REV.'!$A$2:$C$485,3,0) -> CATU DAYA ER SINYAL CLT
A150: CDA10136 | B150: GST.RXX.BOO | C150: GENSET ER RADIO BOO | D150: CD | E150: CRTE | F150: =VLOOKUP(A150,'CRTE REV.'!$A$2:$C$485,1,0) -> #N/A | G150: NEW | H150: =VLOOKUP(A150,'CRTE REV.'!$A$2:$C$485,3,0) -> #N/A
A151: CDA10137 | B151: GST.ER.RADIO.COS | C151: GENSET ER RADIO CS | D151: CD | E151: CRTE | F151: =VLOOKUP(A151,'CRTE REV.'!$A$2:$C$485,1,0) -> #N/A | G151: NEW | H151: =VLOOKUP(A151,'CRTE REV.'!$A$2:$C$485,3,0) -> #N/A
A152: CDA10145 | B152: GST.ER.SYL.BOO | C152: GENSET ER SINYAL BOO | D152: CD | E152: CRTE | F152: =VLOOKUP(A152,'CRTE REV.'!$A$2:$C$485,1,0) -> #N/A | G152: NEW | H152: =VLOOKUP(A152,'CRTE REV.'!$A$2:$C$485,3,0) -> #N/A
A153: CDA10146 | B153: GST.ER.RADIO.BOP | C153: GENSET ER SINYAL BOP | D153: CD | E153: CRTE | F153: =VLOOKUP(A153,'CRTE REV.'!$A$2:$C$485,1,0) -> #N/A | G153: NEW | H153: =VLOOKUP(A153,'CRTE REV.'!$A$2:$C$485,3,0) -> #N/A
A154: CDA10147 | B154: GST.ER.SYL.BTT | C154: GENSET ER SINYAL BTT | D154: CD | E154: CRTE | F154: =VLOOKUP(A154,'CRTE REV.'!$A$2:$C$485,1,0) -> #N/A | G154: NEW | H154: =VLOOKUP(A154,'CRTE REV.'!$A$2:$C$485,3,0) -> #N/A
A155: CDA10148 | B155: GST.ER.SYL.IB.CGB | C155: GENSET ER SINYAL CGB | D155: CD | E155: CRTE | F155: =VLOOKUP(A155,'CRTE REV.'!$A$2:$C$485,1,0) -> #N/A | G155: NEW | H155: =VLOOKUP(A155,'CRTE REV.'!$A$2:$C$485,3,0) -> #N/A
A156: CDA10150 | B156: GST.ER.SYL.IB.COM | C156: GENSET ER SINYAL CS | D156: CD | E156: CRTE | F156: =VLOOKUP(A156,'CRTE REV.'!$A$2:$C$485,1,0) -> #N/A | G156: NEW | H156: =VLOOKUP(A156,'CRTE REV.'!$A$2:$C$485,3,0) -> #N/A
A157: CDA10151 | B157: GST.ER.SYL.CLT | C157: GENSET ER SINYAL CLT | D157: CD | E157: CRTE | F157: =VLOOKUP(A157,'CRTE REV.'!$A$2:$C$485,1,0) -> #N/A | G157: NEW | H157: =VLOOKUP(A157,'CRTE REV.'!$A$2:$C$485,3,0) -> #N/A
A158: CDA10154 | B158: GST.ER.SYL.MSG | C158: GENSET ER SINYAL MSG | D158: CD | E158: CRTE | F158: =VLOOKUP(A158,'CRTE REV.'!$A$2:$C$485,1,0) -> #N/A | G158: NEW | H158: =VLOOKUP(A158,'CRTE REV.'!$A$2:$C$485,3,0) -> #N/A
A159: CDA10246 | B159: UPS.RXX.BOO | C159: UPS ER RADIO BOO | D159: CD | E159: CRTE | F159: =VLOOKUP(A159,'CRTE REV.'!$A$2:$C$485,1,0) -> #N/A | G159: NEW | H159: =VLOOKUP(A159,'CRTE REV.'!$A$2:$C$485,3,0) -> #N/A
A160: CDA10247 | B160: UPS.ER.RADIO.COS | C160: UPS ER RADIO CS | D160: CD | E160: CRTE | F160: =VLOOKUP(A160,'CRTE REV.'!$A$2:$C$485,1,0) -> #N/A | G160: NEW | H160: =VLOOKUP(A160,'CRTE REV.'!$A$2:$C$485,3,0) -> #N/A
A161: CDA10251 | B161: UPS.ER.SYL.BOO | C161: UPS ER SINYAL BOO | D161: CD | E161: CRTE | F161: =VLOOKUP(A161,'CRTE REV.'!$A$2:$C$485,1,0) -> #N/A | G161: NEW | H161: =VLOOKUP(A161,'CRTE REV.'!$A$2:$C$485,3,0) -> #N/A
... A176: CDA10396 | B176: BATT.ER.SYL.MSG | C176: BATTERE ER SINYAL MSG | D176: CD | E176: CRTE | F176: =VLOOKUP(A176,'CRTE REV.'!$A$2:$C$485,1,0) -> #N/A | G176: NEW | H176: =VLOOKUP(A176,'CRTE REV.'!$A$2:$C$485,3,0) -> #N/A
A177: INB10512 | B177: PC.VDU.1.BOO | C177: PANEL PELAYANAN VDU 1 BOO | D177: SE | E177: CRTE | F177: =VLOOKUP(A177,'CRTE REV.'!$A$2:$C$485,1,0) -> INB10512 | H177: =VLOOKUP(A177,'CRTE REV.'!$A$2:$C$485,3,0) -> PANEL PELAYANAN VDU 1 BOO
A178: INB10513 | B178: PC.VDU.2.BOO | C178: PANEL PELAYANAN VDU 2 BOO | D178: SE | E178: CRTE | F178: =VLOOKUP(A178,'CRTE REV.'!$A$2:$C$485,1,0) -> INB10513 | H178: =VLOOKUP(A178,'CRTE REV.'!$A$2:$C$485,3,0) -> PANEL PELAYANAN VDU 2 BOO
A179: INB10514 | B179: PC.VDU.1.BOP | C179: PANEL PELAYANAN VDU 1 BOP | D179: SE | E179: CRTE | F179: =VLOOKUP(A179,'CRTE REV.'!$A$2:$C$485,1,0) -> INB10514 | H179: =VLOOKUP(A179,'CRTE REV.'!$A$2:$C$485,3,0) -> PANEL PELAYANAN VDU 1 BOP
A180: INB10515 | B180: PC.VDU.2.BOP | C180: PANEL PELAYANAN VDU 2 BOP | D180: SE | E180: CRTE | F180: =VLOOKUP(A180,'CRTE REV.'!$A$2:$C$485,1,0) -> INB10515 | H180: =VLOOKUP(A180,'CRTE REV.'!$A$2:$C$485,3,0) -> PANEL PELAYANAN VDU 2 BOP
A181: INB10516 | B181: PC.VDU.BTT | C181: PANEL PELAYANAN VDU BTT | D181: SE | E181: CRTE | F181: =VLOOKUP(A181,'CRTE REV.'!$A$2:$C$485,1,0) -> INB10516 | H181: =VLOOKUP(A181,'CRTE REV.'!$A$2:$C$485,3,0) -> PANEL PELAYANAN VDU BTT
A182: INB10517 | B182: PC.VDU.1.MSG | C182: PANEL PELAYANAN VDU 1 MSG | D182: SE | E182: CRTE | F182: =VLOOKUP(A182,'CRTE REV.'!$A$2:$C$485,1,0) -> INB10517 | H182: =VLOOKUP(A182,'CRTE REV.'!$A$2:$C$485,3,0) -> PANEL PELAYANAN VDU 1 MSG
A183: INB10518 | B183: PC.VDU.2.MSG | C183: PANEL PELAYANAN VDU 2 MSG | D183: SE | E183: CRTE | F183: =VLOOKUP(A183,'CRTE REV.'!$A$2:$C$485,1,0) -> INB10518 | H183: =VLOOKUP(A183,'CRTE REV.'!$A$2:$C$485,3,0) -> PANEL PELAYANAN VDU 2 MSG
A184: INB10519 | B184: IL.SIL.SAFE4000.BOO | C184: INTERLOCKING ELEKTRIK SIL-02 (HIMA) BOO | D184: SE | E184: CRTE | F184: =VLOOKUP(A184,'CRTE REV.'!$A$2:$C$485,1,0) -> INB10519 | H184: =VLOOKUP(A184,'CRTE REV.'!$A$2:$C$485,3,0) -> INTERLOCKING ELEKTRIK SIL-02 (HIMA) BOO
A185: INB10520 | B185: IL.SIL.SAFE4000.BOP | C185: INTERLOCKING ELEKTRIK SIL-02 (HIMA) BOP | D185: SE | E185: CRTE | F185: =VLOOKUP(A185,'CRTE REV.'!$A$2:$C$485,1,0) -> INB10520 | H185: =VLOOKUP(A185,'CRTE REV.'!$A$2:$C$485,3,0) -> INTERLOCKING ELEKTRIK SIL-02 (HIMA) BOP
A186: INB10521 | B186: IL.SIL.SAFE4000.BTT | C186: INTERLOCKING ELEKTRIK SIL-02 (HIMA) BTT | D186: SE | E186: CRTE | F186: =VLOOKUP(A186,'CRTE REV.'!$A$2:$C$485,1,0) -> INB10521 | H186: =VLOOKUP(A186,'CRTE REV.'!$A$2:$C$485,3,0) -> INTERLOCKING ELEKTRIK SIL-02 (HIMA) BTT
A187: INB10522 | B187: IL.SIL.SAFE4000.MSG | C187: INTERLOCKING ELEKTRIK SIL-02 (HIMA) MSG | D187: SE | E187: CRTE | F187: =VLOOKUP(A187,'CRTE REV.'!$A$2:$C$485,1,0) -> INB10522 | H187: =VLOOKUP(A187,'CRTE REV.'!$A$2:$C$485,3,0) -> INTERLOCKING ELEKTRIK SIL-02 (HIMA) MSG
A188: INB10523 | B188: IB.SIL.SAFE4000.COS | C188: INTERMEDIATE BLOK SIL SAFE 4000 COS | D188: SE | E188: CRTE | F188: =VLOOKUP(A188,'CRTE REV.'!$A$2:$C$485,1,0) -> INB10523 | H188: =VLOOKUP(A188,'CRTE REV.'!$A$2:$C$485,3,0) -> INTERMEDIATE BLOK SIL SAFE 4000 COS
... A208: INB10644 | B208: PRLTN.BLOK.BOP-BTT | C208: PERALATAN BLOK BOP-BTT | D208: SE | E208: CRTE | F208: =VLOOKUP(A208,'CRTE REV.'!$A$2:$C$485,1,0) -> INB10644 | H208: =VLOOKUP(A208,'CRTE REV.'!$A$2:$C$485,3,0) -> PERALATAN BLOK BOP-BTT
A209: INB10710 | B209: BLOK.MSG -BTT | C209: PERALATAN BLOK MSG-BTT | D209: SE | E209: CRTE | F209: =VLOOKUP(A209,'CRTE REV.'!$A$2:$C$485,1,0) -> #N/A | G209: NEW | H209: =VLOOKUP(A209,'CRTE REV.'!$A$2:$C$485,3,0) -> #N/A
A210: JPL10338 | B210: JPLE.26.CLT | C210: JPL ELEKTRIK NO 26N CLT | D210: JPL | E210: CRTE | F210: =VLOOKUP(A210,'CRTE REV.'!$A$2:$C$485,1,0) -> JPL10338 | H210: =VLOOKUP(A210,'CRTE REV.'!$A$2:$C$485,3,0) -> JPL ELEKTRIK NO 26N CLT
A211: JPL10341 | B211: JPLE.27.CLT-BOO | C211: JPL ELEKTRIK NO 27 CLT-BOO | D211: JPL | E211: CRTE | F211: =VLOOKUP(A211,'CRTE REV.'!$A$2:$C$485,1,0) -> JPL10341 | H211: =VLOOKUP(A211,'CRTE REV.'!$A$2:$C$485,3,0) -> JPL ELEKTRIK NO 27 CLT-BOO
A212: JPL10344 | B212: JPLE.28.CLT-BOO | C212: JPL ELEKTRIK NO 28 CLT-BOO | D212: JPL | E212: CRTE | F212: =VLOOKUP(A212,'CRTE REV.'!$A$2:$C$485,1,0) -> JPL10344 | H212: =VLOOKUP(A212,'CRTE REV.'!$A$2:$C$485,3,0) -> JPL ELEKTRIK NO 28 CLT-BOO
A213: JPL10350 | B213: JPLE.2.BOO | C213: JPL ELEKTRIK NO 2 BOO | D213: JPL | E213: CRTE | F213: =VLOOKUP(A213,'CRTE REV.'!$A$2:$C$485,1,0) -> JPL10350 | H213: =VLOOKUP(A213,'CRTE REV.'!$A$2:$C$485,3,0) -> JPL ELEKTRIK NO 2 BOO
A214: JPL10485 | B214: TELEPON.JPL.02.BOO | C214: PESAWAT TELEPON JPL 02 BOO | D214: JPL | E214: CRTE | F214: =VLOOKUP(A214,'CRTE REV.'!$A$2:$C$485,1,0) -> JPL10485 | H214: =VLOOKUP(A214,'CRTE REV.'!$A$2:$C$485,3,0) -> PESAWAT TELEPON JPL 02 BOO
A215: JPL10486 | B215: TELEPON.JPL.01.BOO | C215: PESAWAT TELEPON JPL 01 BOO | D215: JPL | E215: CRTE | F215: =VLOOKUP(A215,'CRTE REV.'!$A$2:$C$485,1,0) -> JPL10486 | H215: =VLOOKUP(A215,'CRTE REV.'!$A$2:$C$485,3,0) -> PESAWAT TELEPON JPL 01 BOO
A216: JPL10487 | B216: TELEPON.JPL.04.BOP | C216: PESAWAT TELEPON JPL 04 BOP | D216: JPL | E216: CRTE | F216: =VLOOKUP(A216,'CRTE REV.'!$A$2:$C$485,1,0) -> JPL10487 | H216: =VLOOKUP(A216,'CRTE REV.'!$A$2:$C$485,3,0) -> PESAWAT TELEPON JPL 04 BOP
A217: JPL10488 | B217: TELEPON.JPL.07.BOP-BTT | C217: PESAWAT TELEPON JPL 07 BOP - BTT | D217: JPL | E217: CRTE | F217: =VLOOKUP(A217,'CRTE REV.'!$A$2:$C$485,1,0) -> JPL10488 | H217: =VLOOKUP(A217,'CRTE REV.'!$A$2:$C$485,3,0) -> PESAWAT TELEPON JPL 07 BOP - BTT
A218: JPL10489 | B218: TELEPON.JPL.BNR.BOP-BTT | C218: PESAWAT TELEPON JPL BNR BOP - BTT | D218: JPL | E218: CRTE | F218: =VLOOKUP(A218,'CRTE REV.'!$A$2:$C$485,1,0) -> JPL10489 | H218: =VLOOKUP(A218,'CRTE REV.'!$A$2:$C$485,3,0) -> PESAWAT TELEPON JPL BNR BOP - BTT
A219: JPL10490 | B219: TELEPON.JPL.10.BTT | C219: PESAWAT TELEPON JPL 10 BTT | D219: JPL | E219: CRTE | F219: =VLOOKUP(A219,'CRTE REV.'!$A$2:$C$485,1,0) -> JPL10490 | H219: =VLOOKUP(A219,'CRTE REV.'!$A$2:$C$485,3,0) -> PESAWAT TELEPON JPL 10 BTT
A220: JPL10491 | B220: TELEPON.JPL.11.BTT | C220: PESAWAT TELEPON JPL 11 BTT | D220: JPL | E220: CRTE | F220: =VLOOKUP(A220,'CRTE REV.'!$A$2:$C$485,1,0) -> JPL10491 | H220: =VLOOKUP(A220,'CRTE REV.'!$A$2:$C$485,3,0) -> PESAWAT TELEPON JPL 11 BTT
A221: JPL10492 | B221: TELEPON.JPL.12F.MSG | C221: PESAWAT TELEPON JPL 12F MSG | D221: JPL | E221: CRTE | F221: =VLOOKUP(A221,'CRTE REV.'!$A$2:$C$485,1,0) -> JPL10492 | H221: =VLOOKUP(A221,'CRTE REV.'!$A$2:$C$485,3,0) -> PESAWAT TELEPON JPL 12F MSG
... A246: JPL10521 | B246: TELEPON.JPL.27.BOO-CLT | C246: PESAWAT TELEPON JPL 27 BOO-CLT | D246: JPL | E246: CRTE | F246: =VLOOKUP(A246,'CRTE REV.'!$A$2:$C$485,1,0) -> JPL10521 | H246: =VLOOKUP(A246,'CRTE REV.'!$A$2:$C$485,3,0) -> PESAWAT TELEPON JPL 27 BOO-CLT
A247: JPL10522 | C247: TELEPON JPL 26N CLT-BJD | D247: JPL | E247: CRTE | F247: =VLOOKUP(A247,'CRTE REV.'!$A$2:$C$485,1,0) -> JPL10522 | H247: =VLOOKUP(A247,'CRTE REV.'!$A$2:$C$485,3,0) -> TELEPON JPL 26N CLT-BJD
A248: JPL10523 | B248: GTK.JPL.01.BOO | C248: GENTANIK JPL 01 BOO | D248: JPL | E248: CRTE | F248: =VLOOKUP(A248,'CRTE REV.'!$A$2:$C$485,1,0) -> JPL10523 | H248: =VLOOKUP(A248,'CRTE REV.'!$A$2:$C$485,3,0) -> GENTANIK JPL 01 BOO
A249: JPL10524 | B249: GTK.JPL.28.BOO-CLT | C249: GENTANIK JPL 28 BOO-CLT | D249: JPL | E249: CRTE | F249: =VLOOKUP(A249,'CRTE REV.'!$A$2:$C$485,1,0) -> JPL10524 | H249: =VLOOKUP(A249,'CRTE REV.'!$A$2:$C$485,3,0) -> GENTANIK JPL 28 BOO-CLT
A250: JPL10525 | B250: GTK.JPL.27.BOO-CLT | C250: GENTANIK JPL 27 BOO-CLT | D250: JPL | E250: CRTE | F250: =VLOOKUP(A250,'CRTE REV.'!$A$2:$C$485,1,0) -> JPL10525 | H250: =VLOOKUP(A250,'CRTE REV.'!$A$2:$C$485,3,0) -> GENTANIK JPL 27 BOO-CLT
A251: JPL10526 | B251: GTK.JPL.26N.CLT-BJD | C251: GENTANIK JPL 26N CLT-BJD | D251: JPL | E251: CRTE | F251: =VLOOKUP(A251,'CRTE REV.'!$A$2:$C$485,1,0) -> JPL10526 | H251: =VLOOKUP(A251,'CRTE REV.'!$A$2:$C$485,3,0) -> GENTANIK JPL 26N CLT-BJD
A252: KAI-DAOP01-STL-S01_21 | C252: UPT RESOR STL 1.21 BOGOR | E252: CRTE | F252: =VLOOKUP(A252,'CRTE REV.'!$A$2:$C$485,1,0) -> #N/A | H252: =VLOOKUP(A252,'CRTE REV.'!$A$2:$C$485,3,0) -> #N/A
A253: KAI-DAOP01-STL-S01_21-GDG001 | B253: GED.RES.ST.1.21-BO0 | C253: GEDUNG KANTOR RESOR STL 1.21 BOGOR | E253: CRTE | F253: =VLOOKUP(A253,'CRTE REV.'!$A$2:$C$485,1,0) -> #N/A | H253: =VLOOKUP(A253,'CRTE REV.'!$A$2:$C$485,3,0) -> #N/A
A254: SIN11691 | B254: JL92.BOO. | C254: SINYAL KELUAR DAN LANGSIR JL92 BOO | D254: SE | E254: CRTE | F254: =VLOOKUP(A254,'CRTE REV.'!$A$2:$C$485,1,0) -> SIN11691 | H254: =VLOOKUP(A254,'CRTE REV.'!$A$2:$C$485,3,0) -> SINYAL KELUAR DAN LANGSIR JL92 BOO
A255: SIN11692 | B255: JL72.BOO | C255: SINYAL KELUAR DAN LANGSIR JL72 BOO | D255: SE | E255: CRTE | F255: =VLOOKUP(A255,'CRTE REV.'!$A$2:$C$485,1,0) -> SIN11692 | H255: =VLOOKUP(A255,'CRTE REV.'!$A$2:$C$485,3,0) -> SINYAL KELUAR DAN LANGSIR JL72 BOO
A256: SIN11693 | B256: JL52.BOO | C256: SINYAL KELUAR DAN LANGSIR JL52 BOO | D256: SE | E256: CRTE | F256: =VLOOKUP(A256,'CRTE REV.'!$A$2:$C$485,1,0) -> SIN11693 | H256: =VLOOKUP(A256,'CRTE REV.'!$A$2:$C$485,3,0) -> SINYAL KELUAR DAN LANGSIR JL52 BOO
A257: SIN11694 | B257: JL32A.BOO. | C257: SINYAL KELUAR DAN LANGSIR JL32A BOO | D257: SE | E257: CRTE | F257: =VLOOKUP(A257,'CRTE REV.'!$A$2:$C$485,1,0) -> SIN11694 | H257: =VLOOKUP(A257,'CRTE REV.'!$A$2:$C$485,3,0) -> SINYAL KELUAR DAN LANGSIR JL32A BOO
A258: SIN11695 | B258: JL32B.BOO. | C258: SINYAL KELUAR DAN LANGSIR JL32B BOO | D258: SE | E258: CRTE | F258: =VLOOKUP(A258,'CRTE REV.'!$A$2:$C$485,1,0) -> SIN11695 | H258: =VLOOKUP(A258,'CRTE REV.'!$A$2:$C$485,3,0) -> SINYAL KELUAR DAN LANGSIR JL32B BOO
A259: SIN11696 | B259: JL12A.BOO | C259: SINYAL KELUAR DAN LANGSIR JL12A BOO | D259: SE | E259: CRTE | F259: =VLOOKUP(A259,'CRTE REV.'!$A$2:$C$485,1,0) -> SIN11696 | H259: =VLOOKUP(A259,'CRTE REV.'!$A$2:$C$485,3,0) -> SINYAL KELUAR DAN LANGSIR JL12A BOO
A260: SIN11697 | B260: JL12B.BOO | C260: SINYAL KELUAR DAN LANGSIR JL12B BOO | D260: SE | E260: CRTE | F260: =VLOOKUP(A260,'CRTE REV.'!$A$2:$C$485,1,0) -> SIN11697 | H260: =VLOOKUP(A260,'CRTE REV.'!$A$2:$C$485,3,0) -> SINYAL KELUAR DAN LANGSIR JL12B BOO
A261: SIN11698 | B261: JL22A.BOO | C261: SINYAL KELUAR DAN LANGSIR JL22A BOO | D261: SE | E261: CRTE | F261: =VLOOKUP(A261,'CRTE REV.'!$A$2:$C$485,1,0) -> SIN11698 | H261: =VLOOKUP(A261,'CRTE REV.'!$A$2:$C$485,3,0) -> SINYAL KELUAR DAN LANGSIR JL22A BOO
A262: SIN11699 | B262: JL22B.BOO | C262: SINYAL KELUAR DAN LANGSIR JL22B BOO | D262: SE | E262: CRTE | F262: =VLOOKUP(A262,'CRTE REV.'!$A$2:$C$485,1,0) -> SIN11699 | H262: =VLOOKUP(A262,'CRTE REV.'!$A$2:$C$485,3,0) -> SINYAL KELUAR DAN LANGSIR JL22B BOO
A263: SIN11700 | B263: JL42A.BOO | C263: SINYAL KELUAR DAN LANGSIR JL42A BOO | D263: SE | E263: CRTE | F263: =VLOOKUP(A263,'CRTE REV.'!$A$2:$C$485,1,0) -> SIN11700 | H263: =VLOOKUP(A263,'CRTE REV.'!$A$2:$C$485,3,0) -> SINYAL KELUAR DAN LANGSIR JL42A BOO
A264: SIN11701 | B264: JL42B.BOO. | C264: SINYAL KELUAR DAN LANGSIR JL42B BOO | D264: SE | E264: CRTE | F264: =VLOOKUP(A264,'CRTE REV.'!$A$2:$C$485,1,0) -> SIN11701 | H264: =VLOOKUP(A264,'CRTE REV.'!$A$2:$C$485,3,0) -> SINYAL KELUAR DAN LANGSIR JL42B BOO
A265: SIN11702 | B265: JL42C.BOO | C265: SINYAL KELUAR DAN LANGSIR JL42C BOO | D265: SE | E265: CRTE | F265: =VLOOKUP(A265,'CRTE REV.'!$A$2:$C$485,1,0) -> SIN11702 | H265: =VLOOKUP(A265,'CRTE REV.'!$A$2:$C$485,3,0) -> SINYAL KELUAR DAN LANGSIR JL42C BOO
... A382: TLK10305 | B382: WS.DIGITAL.S26.BOO | C382: WS DIGITAL S26 BOO | D382: TD | E382: CRTE | F382: =VLOOKUP(A382,'CRTE REV.'!$A$2:$C$485,1,0) -> TLK10305 | H382: =VLOOKUP(A382,'CRTE REV.'!$A$2:$C$485,3,0) -> WS DIGITAL S26 BOO
A383: TLK10307 | C383: VOICE LOGGER WARTA KA BTT | D383: PT | E383: CRTE | F383: =VLOOKUP(A383,'CRTE REV.'!$A$2:$C$485,1,0) -> TLK10307 | H383: =VLOOKUP(A383,'CRTE REV.'!$A$2:$C$485,3,0) -> VOICE LOGGER 1 BLOK BTT
A384: TLK10309 | B384: PRLTN.BLOK.BTT-MSG | C384: PERALATAN BLOK BTT - MSG | D384: SE | E384: CRTE | F384: =VLOOKUP(A384,'CRTE REV.'!$A$2:$C$485,1,0) -> TLK10309 | H384: =VLOOKUP(A384,'CRTE REV.'!$A$2:$C$485,3,0) -> PERALATAN BLOK BTT - MSG
A385: TLK10310 | B385: PRLTN.BLOK.BTT-BOP | C385: PERALATAN BLOK BTT - BOP | D385: SE | E385: CRTE | F385: =VLOOKUP(A385,'CRTE REV.'!$A$2:$C$485,1,0) -> TLK10310 | H385: =VLOOKUP(A385,'CRTE REV.'!$A$2:$C$485,3,0) -> PERALATAN BLOK BTT - BOP
A386: TLK10313 | C386: VOICE LOGGER 1 BLOK MSG | D386: PT | E386: CRTE | F386: =VLOOKUP(A386,'CRTE REV.'!$A$2:$C$485,1,0) -> TLK10313 | H386: =VLOOKUP(A386,'CRTE REV.'!$A$2:$C$485,3,0) -> VOICE LOGGER 1 BLOK MSG
A387: TLK10314 | B387: RIG.PPKA.MSG | C387: RIG PPKA MSG | D387: PT | E387: CRTE | F387: =VLOOKUP(A387,'CRTE REV.'!$A$2:$C$485,1,0) -> TLK10314 | H387: =VLOOKUP(A387,'CRTE REV.'!$A$2:$C$485,3,0) -> RIG PPKA MSG
A388: TLK10316 | B388: PBX.MASENG | C388: SENTRAL TELEPON ANTAR STASIUN MSG | D388: PABX | E388: CRTE | F388: =VLOOKUP(A388,'CRTE REV.'!$A$2:$C$485,1,0) -> TLK10316 | H388: =VLOOKUP(A388,'CRTE REV.'!$A$2:$C$485,3,0) -> SENTRAL TELEPON ANTAR STASIUN MSG
A389: TLK10321 | C389: VOICE LOGGER 1 BLOK CGB | D389: PT | E389: CRTE | F389: =VLOOKUP(A389,'CRTE REV.'!$A$2:$C$485,1,0) -> TLK10321 | H389: =VLOOKUP(A389,'CRTE REV.'!$A$2:$C$485,3,0) -> VOICE LOGGER 1 BLOK CGB
A390: TLK10375 | B390: WS.S23.BTT | C390: WS S23 BTT | D390: TD | E390: CRTE | F390: =VLOOKUP(A390,'CRTE REV.'!$A$2:$C$485,1,0) -> TLK10375 | H390: =VLOOKUP(A390,'CRTE REV.'!$A$2:$C$485,3,0) -> WS S23 BTT
A391: TLK10385 | C391: PESAWAT TELP IP PHONE JPL 27 CLT-BOO | D391: JPL | E391: CRTE | F391: =VLOOKUP(A391,'CRTE REV.'!$A$2:$C$485,1,0) -> TLK10385 | H391: =VLOOKUP(A391,'CRTE REV.'!$A$2:$C$485,3,0) -> PESAWAT TELP IP PHONE JPL 27 CLT-BOO
A392: TLK10386 | C392: PESAWAT TELP IP PHONE JPL 28 CLT-BOO | D392: JPL | E392: CRTE | F392: =VLOOKUP(A392,'CRTE REV.'!$A$2:$C$485,1,0) -> TLK10386 | H392: =VLOOKUP(A392,'CRTE REV.'!$A$2:$C$485,3,0) -> PESAWAT TELP IP PHONE JPL 28 CLT-BOO
A393: TLK10388 | C393: PESAWAT TELP IP PHONE JPL 1 CLT-BOO | D393: JPL | E393: CRTE | F393: =VLOOKUP(A393,'CRTE REV.'!$A$2:$C$485,1,0) -> TLK10388 | H393: =VLOOKUP(A393,'CRTE REV.'!$A$2:$C$485,3,0) -> PESAWAT TELP IP PHONE JPL 1 CLT-BOO
A394: TLK10663 | B394: TELP.TOKA.CGB | C394: PESAWAT TOKA PPKA CGB | D394: TELP | E394: CRTE | F394: =VLOOKUP(A394,'CRTE REV.'!$A$2:$C$485,1,0) -> TLK10663 | H394: =VLOOKUP(A394,'CRTE REV.'!$A$2:$C$485,3,0) -> PESAWAT TOKA PPKA CGB
A395: TLK10664 | B395: BS.S23.CGB | C395: BASE STATION ANALOG S23 CGB | D395: TD | E395: CRTE | F395: =VLOOKUP(A395,'CRTE REV.'!$A$2:$C$485,1,0) -> TLK10664 | H395: =VLOOKUP(A395,'CRTE REV.'!$A$2:$C$485,3,0) -> BASE STATION ANALOG S23 CGB
A396: TLK10665 | B396: WS.S23.CLT | C396: WS S23 CLT | D396: TD | E396: CRTE | F396: =VLOOKUP(A396,'CRTE REV.'!$A$2:$C$485,1,0) -> TLK10665 | H396: =VLOOKUP(A396,'CRTE REV.'!$A$2:$C$485,3,0) -> WS S23 CLT
A397: TLK10666 | B397: TELP.TOKA.CLT | C397: PESAWAT TOKA PPKA CLT | D397: TELP | E397: CRTE | F397: =VLOOKUP(A397,'CRTE REV.'!$A$2:$C$485,1,0) -> TLK10666 | H397: =VLOOKUP(A397,'CRTE REV.'!$A$2:$C$485,3,0) -> PESAWAT TOKA PPKA CLT
A398: TLK10667 | B398: WS.S23.BOO | C398: WS S23 BOO | D398: TD | E398: CRTE | F398: =VLOOKUP(A398,'CRTE REV.'!$A$2:$C$485,1,0) -> TLK10667 | H398: =VLOOKUP(A398,'CRTE REV.'!$A$2:$C$485,3,0) -> WS S23 BOO
A399: TLK10668 | B399: TELP.TOKA.BOO | C399: PESAWAT TOKA PPKA BOO | D399: TELP | E399: CRTE | F399: =VLOOKUP(A399,'CRTE REV.'!$A$2:$C$485,1,0) -> TLK10668 | H399: =VLOOKUP(A399,'CRTE REV.'!$A$2:$C$485,3,0) -> PESAWAT TOKA PPKA BOO
...

Sheet BJD-CLT
A1: PETAK JALAN (BJD-CLT)
A3: No. | B3: Functional Loc. | C3: No. K A I | D3: Description | E3: Catalog profile | F3: Jenis Perawatan | G3: Lokasi | H3: KM. | I3: LOKASI P3 | J3: Kode Cheklist
A4: 1 | B4: AXL11636 | C4: AXC.ZP207.CLT-BJD | D4: AXLE COUNTER ZP 207 CLT-BJD | E4: SE | F4: Deteksi KA | G4: BJD-CLT | H4: 46+680 | I4: BJD-CLT | J4: Deteksi KA (Siemens)
A5: 2 | B5: AXL11637 | C5: AXC.ZP206.CLT-BJD | D5: AXLE COUNTER ZP 206 CLT-BJD | E5: SE | F5: Deteksi KA | G5: BJD-CLT | H5: 46+205 | I5: BJD-CLT | J5: Deteksi KA (Siemens)
A6: 3 | B6: AXL11638 | C6: AXC.ZP205.CLT-BJD | D6: AXLE COUNTER ZP 205 CLT-BJD | E6: SE | F6: Deteksi KA | G6: BJD-CLT | H6: 45+730 | I6: BJD-CLT | J6: Deteksi KA (Siemens)
A7: 4 | B7: AXL11639 | C7: AXC.ZP102.BJD-CLT | D7: AXLE COUNTER ZP 102 BJD-CLT | E7: SE | F7: Deteksi KA | G7: BJD-CLT | H7: 45+891 | I7: BJD-CLT | J7: Deteksi KA (Siemens)
A8: 5 | B8: AXL11640 | C8: AXC.ZP101.BJD-CLT | D8: AXLE COUNTER ZP 101 BJD-CLT | E8: SE | F8: Deteksi KA | G8: BJD-CLT | H8: 46+351 | I8: BJD-CLT | J8: Deteksi KA (Siemens)
A9: Deteksi KA = 5
A10: 1 | B10: SIN11775 | C10: UB.101.BJD-CLT | D10: SINYAL ULANG BLOK UB.101 BJD-CLT | E10: SE | F10: Peraga Sinyal | G10: BJD-CLT | H10: 46+150 | I10: BJD-CLT | J10: Peraga Sinyal Elektrik
A11: 2 | B11: SIN11776 | C11: B.205.CLT-BJD | D11: SINYAL BLOK B.205 CLT-BJD | E11: SE | F11: Peraga Sinyal | G11: BJD-CLT | H11: 45+736 | I11: BJD-CLT | J11: Peraga Sinyal Elektrik
A12: 3 | B12: SIN11777 | C12: UB.205.CLT-BJD | D12: SINYAL ULANG BLOK UB.205 CLT-BJD | E12: SE | F12: Peraga Sinyal | G12: BJD-CLT | H12: 46+000 | I12: BJD-CLT | J12: Peraga Sinyal Elektrik
A13: 4 | B13: SIN11778 | C13: B.206.CLT-BJD | D13: SINYAL BLOK B.206 CLT-BJD | E13: SE | F13: Peraga Sinyal | G13: BJD-CLT | H13: 46+221 | I13: BJD-CLT | J13: Peraga Sinyal Elektrik
A14: 5 | B14: SIN11779 | C14: UB.206.CLT-BJD | D14: SINYAL ULANG BLOK UB.206 CLT-BJD | E14: SE | F14: Peraga Sinyal | G14: BJD-CLT | H14: 46+550 | I14: BJD-CLT | J14: Peraga Sinyal Elektrik
A15: 6 | B15: SIN11780 | C15: B.207.CLT-BJD | D15: SINYAL BLOK B.207 CLT-BJD | E15: SE | F15: Peraga Sinyal | G15: BJD-CLT | H15: 46+686 | I15: BJD-CLT | J15: Peraga Sinyal Elektrik
A16: 7 | B16: SIN11858 | C16: B.101.BJD-CLT | D16: SINYAL BLOK B.101 BJD-CLT | E16: SE | F16: Peraga Sinyal | G16: BJD-CLT | H16: 46+351 | I16: BJD-CLT | J16: Peraga Sinyal Elektrik
A17: 8 | B17: SIN11859 | C17: B.102.BJD-CLT | D17: SINYAL BLOK B.102 BJD-CLT | E17: SE | F17: Peraga Sinyal | G17: BJD-CLT | H17: 45+891 | I17: BJD-CLT | J17: Peraga Sinyal Elektrik
A18: 9 | B18: SIN11860 | C18: UB.102.BJD-CLT | D18: SINYAL ULANG BLOK UB.102 BJD-CLT | E18: SE | F18: Peraga Sinyal | G18: BJD-CLT | H18: 45+475 | I18: BJD-CLT | J18: Peraga Sinyal Elektrik
A19: 10 | B19: SIN11782 | C19: MJ20.CLT | D19: SINYAL MUKA MJ20 CLT | E19: SE | F19: Peraga Sinyal | G19: CLT | H19: 46+408 | I19: CLT | J19: Peraga Sinyal Elektrik
A20: Peraga Sinyal Elektrik = 10

Sheet CLT
A1: STASIUN CILEBUT
A3: No. | B3: Functional Loc. | C3: No. K A I | D3: Description | E3: Catalog profile | F3: Jenis Perawatan | G3: Lokasi | H3: KM. | I3: LOKASI P3 | J3: Kode Cheklist
A4: 1 | B4: CDA10151 | C4: GST.ER.SYL.CLT | D4: GENSET ER SINYAL CLT | E4: CD | F4: Catu Daya | G4: CLT | H4: 47+249 | I4: CLT | J4: Catudaya (40 Baterai)
A5: 2 | B5: CDA10257 | C5: UPS.ER.SYL.CLT | D5: UPS ER SINYAL CLT | E5: CD | F5: Catu Daya | G5: CLT | H5: 47+249 | I5: CLT | J5: Catudaya (40 Baterai)
A6: 3 | B6: CDA10395 | C6: BATT.ER.SYL.CLT | D6: BATTERE ER SINYAL CLT | E6: CD | F6: Catu Daya | G6: CLT | H6: 47+249 | I6: CLT | J6: Catudaya (40 Baterai)
A7: Catu Daya = 3
A8: 1 | B8: AXL11624 | C8: AXC.ZP11.CLT | D8: AXLE COUNTER ZP 11 CLT | E8: SE | F8: Deteksi KA | G8: CLT | H8: 47+133 | I8: CLT | J8: Deteksi KA (Siemens)
A9: 2 | B9: AXL11625 | C9: AXC.ZP12A.CLT | D9: AXLE COUNTER ZP 12A CLT | E9: SE | F9: Deteksi KA | G9: CLT | H9: 47+171 | I9: CLT | J9: Deteksi KA (Siemens)
A10: 3 | B10: AXL11626 | C10: AXC.ZP12B.CLT | D10: AXLE COUNTER ZP 12B CLT | E10: SE | F10: Deteksi KA | G10: CLT | H10: 47+474 | I10: CLT | J10: Deteksi KA (Siemens)
A11: 4 | B11: AXL11627 | C11: AXC.ZP13.CLT | D11: AXLE COUNTER ZP 13 CLT | E11: SE | F11: Deteksi KA | G11: CLT | H11: 47+523 | I11: CLT | J11: Deteksi KA (Siemens)
A12: 5 | B12: AXL11628 | C12: AXC.ZP14A.CLT | D12: AXLE COUNTER ZP 14A CLT | E12: SE | F12: Deteksi KA | G12: CLT | H12: 47+573 | I12: CLT | J12: Deteksi KA (Siemens)
A13: 6 | B13: AXL11629 | C13: AXC.ZP14B.CLT | D13: AXLE COUNTER ZP 14B CLT | E13: SE | F13: Deteksi KA | G13: CLT | H13: 48+103 | I13: CLT | J13: Deteksi KA (Siemens)
A14: 7 | B14: AXL11630 | C14: AXC.ZP24B.CLT | D14: AXLE COUNTER ZP 24B CLT | E14: SE | F14: Deteksi KA | G14: CLT | H14: 47+720 | I14: CLT | J14: Deteksi KA (Siemens)
A15: 8 | B15: AXL11631 | C15: AXC.ZP24A.CLT | D15: AXLE COUNTER ZP 24A CLT | E15: SE | F15: Deteksi KA | G15: CLT | H15: 47+573 | I15: CLT | J15: Deteksi KA (Siemens)
A16: 9 | B16: AXL11632 | C16: AXC.ZP22B.CLT | D16: AXLE COUNTER ZP 22B CLT | E16: SE | F16: Deteksi KA | G16: CLT | H16: 47+473 | I16: CLT | J16: Deteksi KA (Siemens)
A17: 10 | B17: AXL11633 | C17: AXC.ZP22A.CLT | D17: AXLE COUNTER ZP 22A CLT | E17: SE | F17: Deteksi KA | G17: CLT | H17: 47+155 | I17: CLT | J17: Deteksi KA (Siemens)
A18: 11 | B18: AXL11634 | C18: AXC.ZP20B.CLT | D18: AXLE COUNTER ZP 20B CLT | E18: SE | F18: Deteksi KA | G18: CLT | H18: 47+087 | I18: CLT | J18: Deteksi KA (Siemens)
A19: 12 | B19: AXL11635 | C19: AXC.ZP20A.CLT | D19: AXLE COUNTER ZP 20A CLT | E19: SE | F19: Deteksi KA | G19: CLT | H19: 46+914 | I19: CLT | J19: Deteksi KA (Siemens)
... A21: 14 | B21: AXL11707 | C21: AXC.ZP10B.CLT | D21: AXLE COUNTER ZP 10B CLT | E21: SE | F21: Deteksi KA | G21: CLT | H21: 47+087 | I21: CLT | J21: Deteksi KA (Siemens)
A22: Deteksi KA = 14
A23: 1 | B23: INB10538 | C23: IL.SIL.SAFE4000.CLT | D23: INTERLOCKING SIL SAFE 4000 CLT | E23: SE | F23: PDSE | G23: CLT | H23: 47+249 | I23: CLT | J23: Peralatan dalam sinyal elektrik
A24: 2 | B24: INB10539 | C24: DL.CLT | D24: DATA LOGGER CLT | E24: SE | F24: PDSE | G24: CLT | H24: 47+249 | I24: CLT | J24: Peralatan dalam sinyal elektrik
A25: 3 | B25: INB10541 | C25: PC.VDU.1.CLT | D25: PANEL PELAYANAN VDU 1 CLT | E25: SE | F25: PDSE | G25: CLT | H25: 47+261 | I25: CLT | J25: Peralatan dalam sinyal elektrik
A26: 4 | B26: INB10542 | C26: PC.VDU.2.CLT | D26: PANEL PELAYANAN VDU 2 CLT | E26: SE | F26: PDSE | G26: CLT | H26: 47+261 | I26: CLT | J26: Peralatan dalam sinyal elektrik
A27: 5 | B27: INB10544 | C27: PRLTN.BLOK.CLT-BJD | D27: PERALATAN BLOK CLT - BJD | E27: SE | F27: PDSE | G27: CLT | H27: 47+249 | I27: CLT | J27: Peralatan dalam sinyal elektrik
A28: 6 | B28: INB10545 | C28: PRLTN.BLOK.CLT-BOO | D28: PERALATAN BLOK CLT - BOO | E28: SE | F28: PDSE | G28: CLT | H28: 47+249 | I28: CLT | J28: Peralatan dalam sinyal elektrik
A29: 7 | B29: TRA11258 | C29: BANG.ER.SYL.CLT | D29: BANGUNAN ER SINYAL CLT | E29: BANG | F29: PDSE | G29: CLT | H29: 47+249 | I29: CLT | J29: Peralatan dalam sinyal elektrik
A30: PDSE = 7
A31: 1 | B31: INB10543 | C31: TSC.CLT | D31: PANEL DISPLAY DALWAS PERKA CLT | E31: SE | F31: PDSE | G31: CLT | H31: 47+249 | I31: CLT | J31: CTC-CTS
A32: CTC-CTS = 1
A33: 1 | B33: WSL11111 | C33: PW.21.CLT | D33: PENGGERAK WESEL W21 CLT | E33: SE | F33: Penggerak Wesel | G33: CLT | H33: 47+094 | I33: CLT | J33: Penggerak Wesel elektrik
A34: 2 | B34: WSL11112 | C34: PW.11.CLT | D34: PENGGERAK WESEL W11 CLT | E34: SE | F34: Penggerak Wesel | G34: CLT | H34: 47+166 | I34: CLT | J34: Penggerak Wesel elektrik
A35: 3 | B35: WSL11113 | C35: PW.13.CLT | D35: PENGGERAK WESEL W13 CLT | E35: SE | F35: Penggerak Wesel | G35: CLT | H35: 47+480 | I35: CLT | J35: Penggerak Wesel elektrik
A36: 4 | B36: WSL11114 | C36: PW.23.CLT | D36: PENGGERAK WESEL W23 CLT | E36: SE | F36: Penggerak Wesel | G36: CLT | H36: 47+570 | I36: CLT | J36: Penggerak Wesel elektrik
A37: Penggerak Wesel Elektrik (4x2) = 8
A38: 1 | B38: SIN11781 | C38: J20.CLT | D38: SINYAL MASUK J20 CLT | E38: SE | F38: Peraga Sinyal | G38: CLT | H38: 46+908 | I38: CLT | J38: Peraga Sinyal Elektrik
A39: 2 | B39: SIN11783 | C39: J14.CLT | D39: SINYAL MASUK J14 CLT | E39: SE | F39: Peraga Sinyal | G39: CLT | H39: 48+109 | I39: CLT | J39: Peraga Sinyal Elektrik
A40: 3 | B40: SIN11861 | C40: J10.CLT | D40: SINYAL MASUK J10 CLT | E40: SE | F40: Peraga Sinyal | G40: CLT | H40: 46+908 | I40: CLT | J40: Peraga Sinyal Elektrik
A41: 4 | B41: SIN11862 | C41: J12A.CLT | D41: SINYAL KELUAR J12A CLT | E41: SE | F41: Peraga Sinyal | G41: CLT | H41: 47+177 | I41: CLT | J41: Peraga Sinyal Elektrik
A42: 5 | B42: SIN11863 | C42: J12B.CLT | D42: SINYAL KELUAR J12B CLT | E42: SE | F42: Peraga Sinyal | G42: CLT | H42: 47+468 | I42: CLT | J42: Peraga Sinyal Elektrik
A43: 6 | B43: SIN11864 | C43: J24.CLT | D43: SINYAL MASUK J24 CLT | E43: SE | F43: Peraga Sinyal | G43: CLT | H43: 47+726 | I43: CLT | J43: Peraga Sinyal Elektrik
A44: 7 | B44: SIN11865 | C44: J22.CLT | D44: SINYAL KELUAR J22 CLT | E44: SE | F44: Peraga Sinyal | G44: CLT | H44: 47+161 | I44: CLT | J44: Peraga Sinyal Elektrik
A45: Peraga Sinyal Elektrik = 7
A46: 1 | B46: JPL10338 | C46: JPLE.26.CLT | D46: JPL ELEKTRIK NO 26N CLT | E46: JPL | F46: Pintu Perlintasan | G46: CLT | H46: 46+840 | I46: CLT | J46: Pintu perlintasan
A47: 2 | B47: JPL10522 | C47: TLP.26N.CLT-BJD | D47: TELEPON JPL 26N CLT-BJD | E47: JPL | F47: Pintu Perlintasan | G47: CLT
A48: 2 | B48: JPL10526 | C48: GTK.JPL.26N.CLT-BJD | D48: GENTANIK JPL 26N CLT-BJD | E48: JPL | F48: Pintu Perlintasan | G48: CLT | H48: 46+840 | I48: BJD-CLT | J48: Telekomunikasi Di Pintu
A49: 3 | B49: TLK10672 | C49: IP.PHONE.JPL.26.BJD-CLT | D49: PESAWAT TELEPON JPL 26N BJD-CLT | E49: JPL | F49: Pintu Perlintasan | G49: CLT | H49: 46+840 | I49: BJD-CLT | J49: Telekomunikasi Di Pintu
A50: 4 | B50: TRA11351 | C50: OTB .FO. JPL26N.CLT-BJD | D50: OTB FO JPL 26N CLT-BJD | E50: MEDIA | F50: OPTIK | G50: CLT | H50: 46+840 | I50: CLT | J50: Serat Optik
A51: Pintu Perlintasan = 1, PTPP = 2, Fiber Optik = 1
A52: 1 | B52: TLK10300 | C52: WS.DIGITAL.S26.CLT | D52: WS DIGITAL S26 CLT | E52: TD | F52: WS 3 Bulanan | G52: CLT | H52: 47+261 | I52: CLT | J52: Waystation Digital
A53: 2 | B53: TLK10665 | C53: WS.S23.CLT | D53: WS S23 CLT | E53: TD | F53: WS 3 Bulanan | G53: CLT | H53: 47+261 | I53: CLT | J53: Waystation Analog
A54: 3 | B54: TLK11004 | C54: WS.TAIT.S26.CLT | D54: WS TAIT S26 CLT | E54: TD | F54: WS 3 Bulanan | G54: CLT | H54: 47+261 | I54: CLT | J54: Waystation Tait
A55: Way Station 3 Bulanan = 3
A56: 1 | B56: TLK10666 | C56: TELP.TOKA.CLT | D56: PESAWAT TOKA CLT | E56: TELP | F56: PTDS | G56: CLT | H56: 47+261 | I56: CLT | J56: Telekomunikasi di Stasiun
A57: 2 | B57: TLK10778 | C57: IP.PHONE.ER.SYL.CLT | D57: PESAWAT TELEPON ER SINYAL CLT | E57: TELP | F57: PTDS | G57: CLT | H57: 47+249 | I57: CLT | J57: Telekomunikasi di Stasiun
A58: 3 | B58: TLK10779 | C58: VC.CLT | D58: VOICE LOGGER WARTA KA CLT | E58: PT | F58: PTDS | G58: CLT | H58: 47+249 | I58: CLT | J58: Telekomunikasi di Stasiun
A59: 4 | B59: TLK10780 | C59: IP.PHONE.PPKA.CLT | D59: PESAWAT TELEPON WARTA KA CLT | E59: TELP | F59: PTDS | G59: CLT | H59: 47+261 | I59: CLT | J59: Telekomunikasi di Stasiun
A60: PTDS = 4+3 (WS Masuk PTDS 1BLN)
A61: 1 | B61: TRA11799 | C61: OTB.1.ER.CLT | D61: OTB 1 ER CILEBUT | E61: MEDIA | F61: OPTIK | G61: CLT | H61: 47+249 | I61: CLT | J61: Serat Optik
A62: =A61+1 -> 2 | B62: TRA11833 | C62: OTB.2.ER.CLT | D62: OTB 2 ER CILEBUT | E62: MEDIA | F62: OPTIK | G62: CLT | H62: 47+249 | I62: CLT | J62: Serat Optik
A63: =A62+1 -> 3 | B63: TRA11852 | C63: OTB.3.ER.CLT | D63: OTB 3 ER CILEBUT | E63: MEDIA | F63: OPTIK | G63: CLT | H63: 47+249 | I63: CLT | J63: Serat Optik
A64: =A63+1 -> 4 | B64: TRA11866 | C64: OTB.4.ER.CLT | D64: OTB 4 ER CILEBUT | E64: MEDIA | F64: OPTIK | G64: CLT | H64: 47+249 | I64: CLT | J64: Serat Optik
A65: =A64+1 -> 5 | B65: TRA11875 | C65: OTB.5.ER.CLT | D65: OTB 5 ER CILEBUT | E65: MEDIA | F65: OPTIK | G65: CLT | H65: 47+249 | I65: CLT | J65: Serat Optik
A66: =A65+1 -> 6 | B66: TRA11884 | C66: OTB.6.ER.CLT | D66: OTB 6 ER CILEBUT | E66: MEDIA | F66: OPTIK | G66: CLT | H66: 47+249 | I66: CLT | J66: Serat Optik
A67: =A66+1 -> 7 | B67: TRA11891 | C67: OTB.7.ER.CLT | D67: OTB 7 ER CILEBUT | E67: MEDIA | F67: OPTIK | G67: CLT | H67: 47+249 | I67: CLT | J67: Serat Optik
A68: =A67+1 -> 8 | B68: TRA11897 | C68: OTB.8.ER.CLT | D68: OTB 8 ER CILEBUT | E68: MEDIA | F68: OPTIK | G68: CLT | H68: 47+249 | I68: CLT | J68: Serat Optik
A69: =A68+1 -> 9 | B69: TRA11902 | C69: OTB.9.ER.CLT | D69: OTB 9 ER CILEBUT | E69: MEDIA | F69: OPTIK | G69: CLT | H69: 47+249 | I69: CLT | J69: Serat Optik
A70: =A69+1 -> 10 | B70: TRA11814 | C70: OTB.10.ER.CLT | D70: OTB 10 ER CILEBUT | E70: MEDIA | F70: OPTIK | G70: CLT | H70: 47+249 | I70: CLT | J70: Serat Optik
A71: =A70+1 -> 11 | B71: TRA11819 | C71: OTB.11.ER.CLT | D71: OTB 11 ER CILEBUT | E71: MEDIA | F71: OPTIK | G71: CLT | H71: 47+249 | I71: CLT | J71: Serat Optik
A72: =A71+1 -> 12 | B72: TRA11824 | C72: OTB.12.ER.CLT | D72: OTB 12 ER CILEBUT | E72: MEDIA | F72: OPTIK | G72: CLT | H72: 47+249 | I72: CLT | J72: Serat Optik
A73: =A72+1 -> 13 | B73: TRA11827 | C73: OTB.13.ER.CLT | D73: OTB 13 ER CILEBUT | E73: MEDIA | F73: OPTIK | G73: CLT | H73: 47+249 | I73: CLT | J73: Serat Optik
A74: Fiber Optik = 13

Sheet CLT-BOO
A1: PETAK JALAN (CLT-BOO)
A3: No. | B3: Functional Loc. | C3: No. K A I | D3: Description | E3: Catalog profile | F3: Jenis Perawatan | G3: Lokasi | H3: KM. | I3: LOKASI P3 | J3: Kode Cheklist
A4: 1 | B4: AXL11498 | C4: AXC.ZP213.BOO-CLT | D4: AXLE COUNTER ZP 213 BOO-CLT | E4: SE | F4: Deteksi KA | G4: CLT-BOO | H4: 53+650 | I4: BOO | J4: Deteksi KA (Siemens)
A5: 2 | B5: AXL11504 | C5: AXC.ZP212.BOO-CLT | D5: AXLE COUNTER ZP 212 BOO-CLT | E5: SE | F5: Deteksi KA | G5: CLT-BOO | H5: 53+239 | I5: CLT-BOO | J5: Deteksi KA (Siemens)
A6: 3 | B6: AXL11601 | C6: AXC.ZP211.BOO-CLT | D6: AXLE COUNTER ZP 211 BOO-CLT | E6: SE | F6: Deteksi KA | G6: CLT-BOO | H6: 52+824 | I6: CLT-BOO | J6: Deteksi KA (Siemens)
A7: 4 | B7: AXL11622 | C7: AXC.ZP102.CLT-BOO | D7: AXLE COUNTER ZP 102 CLT-BOO | E7: SE | F7: Deteksi KA | G7: CLT-BOO | H7: 52+645 | I7: CLT-BOO | J7: Deteksi KA (Siemens)
A8: 5 | B8: AXL11623 | C8: AXC.ZP101.CLT-BOO | D8: AXLE COUNTER ZP 101 CLT-BOO | E8: SE | F8: Deteksi KA | G8: CLT-BOO | H8: 53+352 | I8: CLT-BOO | J8: Deteksi KA (Siemens)
A9: Axle Counter 1 = 5
A10: 1 | B10: AXL11602 | C10: AXC.ZP210.BOO-CLT | D10: AXLE COUNTER ZP 210 BOO-CLT | E10: SE | F10: Deteksi KA | G10: CLT-BOO | H10: 52+381 | I10: CLT-BOO | J10: Deteksi KA (Siemens)
A11: 2 | B11: AXL11603 | C11: AXC.ZP209.BOO-CLT | D11: AXLE COUNTER ZP 209 BOO-CLT | E11: SE | F11: Deteksi KA | G11: CLT-BOO | H11: 51+921 | I11: CLT-BOO | J11: Deteksi KA (Siemens)
A12: 3 | B12: AXL11604 | C12: AXC.ZP208.BOO-CLT | D12: AXLE COUNTER ZP 208 BOO-CLT | E12: SE | F12: Deteksi KA | G12: CLT-BOO | H12: 51+461 | I12: CLT-BOO | J12: Deteksi KA (Siemens)
A13: 4 | B13: AXL11619 | C13: AXC.ZP105.CLT-BOO | D13: AXLE COUNTER ZP 105 CLT-BOO | E13: SE | F13: Deteksi KA | G13: CLT-BOO | H13: 51+512 | I13: CLT-BOO | J13: Deteksi KA (Siemens)
A14: 5 | B14: AXL11620 | C14: AXC.ZP104.CLT-BOO | D14: AXLE COUNTER ZP 104 CLT-BOO | E14: SE | F14: Deteksi KA | G14: CLT-BOO | H14: 51,972 | I14: CLT-BOO | J14: Deteksi KA (Siemens)
A15: 6 | B15: AXL11621 | C15: AXC.ZP103.CLT-BOO | D15: AXLE COUNTER ZP 103 CLT-BOO | E15: SE | F15: Deteksi KA | G15: CLT-BOO | H15: 52+432 | I15: CLT-BOO | J15: Deteksi KA (Siemens)
A16: Axle Counter 2 = 6
A17: 1 | B17: AXL11605 | C17: AXC.ZP207.BOO-CLT | D17: AXLE COUNTER ZP 207 BOO-CLT | E17: SE | F17: Deteksi KA | G17: CLT-BOO | H17: 51+001 | I17: CLT-BOO | J17: Deteksi KA (Siemens)
A18: 2 | B18: AXL11606 | C18: AXC.ZP206.BOO-CLT | D18: AXLE COUNTER ZP 206 BOO-CLT | E18: SE | F18: Deteksi KA | G18: CLT-BOO | H18: 50+541 | I18: CLT-BOO | J18: Deteksi KA (Siemens)
A19: 3 | B19: AXL11607 | C19: AXC.ZP205.BOO-CLT | D19: AXLE COUNTER ZP 205 BOO-CLT | E19: SE | F19: Deteksi KA | G19: CLT-BOO | H19: 50+081 | I19: CLT-BOO | J19: Deteksi KA (Siemens)
A20: 4 | B20: AXL11608 | C20: AXC.ZP204.BOO-CLT | D20: AXLE COUNTER ZP 204 BOO-CLT | E20: SE | F20: Deteksi KA | G20: CLT-BOO | H20: 49+621 | I20: CLT-BOO | J20: Deteksi KA (Siemens)
A21: 5 | B21: AXL11615 | C21: AXC.ZP109.CLT-BOO | D21: AXLE COUNTER ZP 109 CLT-BOO | E21: SE | F21: Deteksi KA | G21: CLT-BOO | H21: 49+499 | I21: CLT-BOO | J21: Deteksi KA (Siemens)
A22: 6 | B22: AXL11616 | C22: AXC.ZP108.CLT-BOO | D22: AXLE COUNTER ZP 108 CLT-BOO | E22: SE | F22: Deteksi KA | G22: CLT-BOO | H22: 49+959 | I22: CLT-BOO | J22: Deteksi KA (Siemens)
A23: 7 | B23: AXL11617 | C23: AXC.ZP107.CLT-BOO | D23: AXLE COUNTER ZP 107 CLT-BOO | E23: SE | F23: Deteksi KA | G23: CLT-BOO | H23: 50+592 | I23: CLT-BOO | J23: Deteksi KA (Siemens)
A24: 8 | B24: AXL11618 | C24: AXC.ZP106.CLT-BOO | D24: AXLE COUNTER ZP 106 CLT-BOO | E24: SE | F24: Deteksi KA | G24: CLT-BOO | H24: 51+052 | I24: CLT-BOO | J24: Deteksi KA (Siemens)
A25: Axle Counter 3 = 8
A26: 1 | B26: AXL11609 | C26: AXC.ZP203.BOO-CLT | D26: AXLE COUNTER ZP 203 BOO-CLT | E26: SE | F26: Deteksi KA | G26: CLT-BOO | H26: 49+161 | I26: CLT-BOO | J26: Deteksi KA (Siemens)
A27: 2 | B27: AXL11610 | C27: AXC.ZP202.BOO-CLT | D27: AXLE COUNTER ZP 202 BOO-CLT | E27: SE | F27: Deteksi KA | G27: CLT-BOO | H27: 48+701 | I27: CLT-BOO | J27: Deteksi KA (Siemens)
A28: 3 | B28: AXL11611 | C28: AXC.ZP201.BOO-CLT | D28: AXLE COUNTER ZP 201 BOO-CLT | E28: SE | F28: Deteksi KA | G28: CLT-BOO | H28: 48+260 | I28: CLT-BOO | J28: Deteksi KA (Siemens)
A29: 4 | B29: AXL11612 | C29: AXC.ZP112.CLT-BOO | D29: AXLE COUNTER ZP 112 CLT-BOO | E29: SE | F29: Deteksi KA | G29: CLT-BOO | H29: 48+119 | I29: CLT-BOO | J29: Deteksi KA (Siemens)
A30: 5 | B30: AXL11613 | C30: AXC.ZP111.CLT-BOO | D30: AXLE COUNTER ZP 111 CLT-BOO | E30: SE | F30: Deteksi KA | G30: CLT-BOO | H30: 48+579 | I30: CLT-BOO | J30: Deteksi KA (Siemens)
A31: 6 | B31: AXL11614 | C31: AXC.ZP110.CLT-BOO | D31: AXLE COUNTER ZP 110 CLT-BOO | E31: SE | F31: Deteksi KA | G31: CLT-BOO | H31: 49+039 | I31: CLT-BOO | J31: Deteksi KA (Siemens)
A32: Axle Counter 4 = 6
A33: Total Deteksi KA = 25
A34: 1 | B34: SIN11822 | C34: UB.102.CLT-BOO | D34: SINYAL ULANG BLOK UB.102 CLT-BOO | E34: SE | F34: Peraga Sinyal | G34: CLT-BOO | H34: 52+645 | I34: CLT-BOO | J34: Peraga Sinyal Elektrik
A35: 2 | B35: SIN11823 | C35: B.102.CLT-BOO | D35: SINYAL BLOK B.102 CLT-BOO | E35: SE | F35: Peraga Sinyal | G35: CLT-BOO | H35: 52+886 | I35: CLT-BOO | J35: Peraga Sinyal Elektrik
A36: 3 | B36: SIN11824 | C36: B.101.CLT-BOO | D36: SINYAL BLOK B.101 CLT-BOO | E36: SE | F36: Peraga Sinyal | G36: CLT-BOO | H36: 53+346 | I36: CLT-BOO | J36: Peraga Sinyal Elektrik
A37: 4 | B37: SIN11786 | C37: B.213.BOO-CLT | D37: SINYAL BLOK B.213 BOO-CLT | E37: SE | F37: Peraga Sinyal | G37: CLT-BOO | H37: 53+656 | I37: CLT-BOO | J37: Peraga Sinyal Elektrik
A38: 5 | B38: SIN11787 | C38: UB.212.BOO-CLT | D38: SINYAL ULANG BLOK UB.212 BOO-CLT | E38: SE | F38: Peraga Sinyal | G38: CLT-BOO | H38: 53+550 | I38: CLT-BOO | J38: Peraga Sinyal Elektrik
A39: 6 | B39: SIN11788 | C39: B.212.BOO-CLT | D39: SINYAL BLOK B.212 BOO-CLT | E39: SE | F39: Peraga Sinyal | G39: CLT-BOO | H39: 53+245 | I39: CLT-BOO | J39: Peraga Sinyal Elektrik
A40: 7 | B40: SIN11789 | C40: UB.211.BOO-CLT | D40: SINYAL ULANG BLOK UB.211 BOO-CLT | E40: SE | F40: Peraga Sinyal | G40: CLT-BOO | H40: 53+050 | I40: CLT-BOO | J40: Peraga Sinyal Elektrik
A41: 8 | B41: SIN11790 | C41: B.211.BOO-CLT | D41: SINYAL BLOK B.211 BOO-CLT | E41: SE | F41: Peraga Sinyal | G41: CLT-BOO | H41: 52+830 | I41: CLT-BOO | J41: Peraga Sinyal Elektrik
A42: 9 | B42: SIN11791 | C42: UB.210.BOO-CLT | D42: SINYAL ULANG BLOK UB.210 BOO-CLT | E42: SE | F42: Peraga Sinyal | G42: CLT-BOO | H42: 52+800 | I42: CLT-BOO | J42: Peraga Sinyal Elektrik
A43: 10 | B43: SIN11706 | C43: MJ20.BOO | D43: SINYAL MUKA MJ20 BOO | E43: SE | F43: Peraga Sinyal | G43: BOO | H43: 53+376 | I43: BOO | J43: Peraga Sinyal Elektrik
A44: Peraga Sinyal Elektrik 1 = 10
A45: 1 | B45: SIN11792 | C45: B.210.BOO-CLT | D45: SINYAL BLOK B.210 BOO-CLT | E45: SE | F45: Peraga Sinyal | G45: CLT-BOO | H45: 52+387 | I45: CLT-BOO | J45: Peraga Sinyal Elektrik
A46: 2 | B46: SIN11793 | C46: UB.209.BOO-CLT | D46: SINYAL ULANG BLOK UB.209 BOO-CLT | E46: SE | F46: Peraga Sinyal | G46: CLT-BOO | H46: 52+311 | I46: CLT-BOO | J46: Peraga Sinyal Elektrik
A47: 3 | B47: SIN11794 | C47: B.209.BOO-CLT | D47: SINYAL BLOK B.209 BOO-CLT | E47: SE | F47: Peraga Sinyal | G47: CLT-BOO | H47: 51+927 | I47: CLT-BOO | J47: Peraga Sinyal Elektrik
A48: 4 | B48: SIN11795 | C48: UB.208.BOO-CLT | D48: SINYAL ULANG BLOK UB.208 BOO-CLT | E48: SE | F48: Peraga Sinyal | G48: CLT-BOO | H48: 51+718 | I48: CLT-BOO | J48: Peraga Sinyal Elektrik
A49: 5 | B49: SIN11796 | C49: B.208.BOO-CLT | D49: SINYAL BLOK B.208 BOO-CLT | E49: SE | F49: Peraga Sinyal | G49: CLT-BOO | H49: 51+467 | I49: CLT-BOO | J49: Peraga Sinyal Elektrik
A50: 6 | B50: SIN11797 | C50: UB.207.BOO-CLT | D50: SINYAL ULANG BLOK UB.207 BOO-CLT | E50: SE | F50: Peraga Sinyal | G50: CLT-BOO | H50: 51+198 | I50: CLT-BOO | J50: Peraga Sinyal Elektrik
A51: 7 | B51: SIN11816 | C51: UB.105.CLT-BOO | D51: SINYAL ULANG BLOK UB.105 CLT-BOO | E51: SE | F51: Peraga Sinyal | G51: CLT-BOO | H51: 51+314 | I51: CLT-BOO | J51: Peraga Sinyal Elektrik
A52: 8 | B52: SIN11817 | C52: B.105.CLT-BOO | D52: SINYAL BLOK B.105 CLT-BOO | E52: SE | F52: Peraga Sinyal | G52: CLT-BOO | H52: 51+506 | I52: CLT-BOO | J52: Peraga Sinyal Elektrik
A53: 9 | B53: SIN11818 | C53: UB.104.CLT-BOO | D53: SINYAL ULANG BLOK UB.104 CLT-BOO | E53: SE | F53: Peraga Sinyal | G53: CLT-BOO | H53: 51+585 | I53: CLT-BOO | J53: Peraga Sinyal Elektrik
A54: 10 | B54: SIN11819 | C54: B.104.CLT-BOO | D54: SINYAL BLOK B.104 CLT-BOO | E54: SE | F54: Peraga Sinyal | G54: CLT-BOO | H54: 51+966 | I54: CLT-BOO | J54: Peraga Sinyal Elektrik
A55: 11 | B55: SIN11820 | C55: UB.103.CLT-BOO | D55: SINYAL ULANG BLOK UB.103 CLT-BOO | E55: SE | F55: Peraga Sinyal | G55: CLT-BOO | H55: 52+250 | I55: CLT-BOO | J55: Peraga Sinyal Elektrik
A56: 12 | B56: SIN11821 | C56: B.103.CLT-BOO | D56: SINYAL BLOK B.103 CLT-BOO | E56: SE | F56: Peraga Sinyal | G56: CLT-BOO | H56: 52+426 | I56: CLT-BOO | J56: Peraga Sinyal Elektrik
A57: Peraga Sinyal Elektrik 2 = 12
A58: 1 | B58: SIN11798 | C58: B.207.BOO-CLT | D58: SINYAL BLOK B.207 BOO-CLT | E58: SE | F58: Peraga Sinyal | G58: CLT-BOO | H58: 51+007 | I58: CLT-BOO | J58: Peraga Sinyal Elektrik
A59: 2 | B59: SIN11799 | C59: UB.206.BOO-CLT | D59: SINYAL ULANG BLOK UB.206 BOO-CLT | E59: SE | F59: Peraga Sinyal | G59: CLT-BOO | H59: 50+797 | I59: CLT-BOO | J59: Peraga Sinyal Elektrik
A60: 3 | B60: SIN11800 | C60: B.206.BOO-CLT | D60: SINYAL BLOK B.206 BOO-CLT | E60: SE | F60: Peraga Sinyal | G60: CLT-BOO | H60: 50+547 | I60: CLT-BOO | J60: Peraga Sinyal Elektrik
A61: 4 | B61: SIN11801 | C61: B.205.BOO-CLT | D61: SINYAL BLOK B.205 BOO-CLT | E61: SE | F61: Peraga Sinyal | G61: CLT-BOO | H61: 50+087 | I61: CLT-BOO | J61: Peraga Sinyal Elektrik
A62: 5 | B62: SIN11802 | C62: B.204.BOO-CLT | D62: SINYAL BLOK B.204 BOO-CLT | E62: SE | F62: Peraga Sinyal | G62: CLT-BOO | H62: 49+627 | I62: CLT-BOO | J62: Peraga Sinyal Elektrik
A63: 6 | B63: SIN11811 | C63: B.109.CLT-BOO | D63: SINYAL BLOK B.109 CLT-BOO | E63: SE | F63: Peraga Sinyal | G63: CLT-BOO | H63: 49+493 | I63: CLT-BOO | J63: Peraga Sinyal Elektrik
A64: 7 | B64: SIN11812 | C64: B.108.CLT-BOO | D64: SINYAL BLOK B.108 CLT-BOO | E64: SE | F64: Peraga Sinyal | G64: CLT-BOO | H64: 49+953 | I64: CLT-BOO | J64: Peraga Sinyal Elektrik
A65: 8 | B65: SIN11813 | C65: B.107.CLT-BOO | D65: SINYAL BLOK B.107 CLT-BOO | E65: SE | F65: Peraga Sinyal | G65: CLT-BOO | H65: 50+586 | I65: CLT-BOO | J65: Peraga Sinyal Elektrik
A66: 9 | B66: SIN11814 | C66: UB.106.CLT-BOO | D66: SINYAL ULANG BLOK UB.106 CLT-BOO | E66: SE | F66: Peraga Sinyal | G66: CLT-BOO | H66: 50+689 | I66: CLT-BOO | J66: Peraga Sinyal Elektrik
A67: 10 | B67: SIN11815 | C67: B.106.CLT-BOO | D67: SINYAL BLOK B.106 CLT-BOO | E67: SE | F67: Peraga Sinyal | G67: CLT-BOO | H67: 51+046 | I67: CLT-BOO | J67: Peraga Sinyal Elektrik
A68: Peraga Sinyal Elektrik 3 = 10
A69: 1 | B69: SIN11803 | C69: B.203.BOO-CLT | D69: SINYAL BLOK B.203 BOO-CLT | E69: SE | F69: Peraga Sinyal | G69: CLT-BOO | H69: 49+167 | I69: CLT-BOO | J69: Peraga Sinyal Elektrik
A70: 2 | B70: SIN11804 | C70: UB.202.BOO-CLT | D70: SINYAL ULANG BLOK UB.202 BOO-CLT | E70: SE | F70: Peraga Sinyal | G70: CLT-BOO | H70: 49+025 | I70: CLT-BOO | J70: Peraga Sinyal Elektrik
A71: 3 | B71: SIN11805 | C71: B.202.BOO-CLT | D71: SINYAL BLOK B.202 BOO-CLT | E71: SE | F71: Peraga Sinyal | G71: CLT-BOO | H71: 48+707 | I71: CLT-BOO | J71: Peraga Sinyal Elektrik
A72: 4 | B72: SIN11806 | C72: B.201.BOO-CLT | D72: SINYAL BLOK B.201 BOO-CLT | E72: SE | F72: Peraga Sinyal | G72: CLT-BOO | H72: 48+266 | I72: CLT-BOO | J72: Peraga Sinyal Elektrik
A73: 5 | B73: SIN11807 | C73: B.112.CLT-BOO | D73: SINYAL BLOK B.112 CLT-BOO | E73: SE | F73: Peraga Sinyal | G73: CLT-BOO | H73: 48+113 | I73: CLT-BOO | J73: Peraga Sinyal Elektrik
A74: 6 | B74: SIN11808 | C74: B.111.CLT-BOO | D74: SINYAL BLOK B.111 CLT-BOO | E74: SE | F74: Peraga Sinyal | G74: CLT-BOO | H74: 48+573 | I74: CLT-BOO | J74: Peraga Sinyal Elektrik
A75: 7 | B75: SIN11809 | C75: UB.110.CLT-BOO | D75: SINYAL ULANG BLOK UB.110 CLT-BOO | E75: SE | F75: Peraga Sinyal | G75: CLT-BOO | H75: 48+850 | I75: CLT-BOO | J75: Peraga Sinyal Elektrik
A76: 8 | B76: SIN11810 | C76: B.110.CLT-BOO | D76: SINYAL BLOK B.110 CLT-BOO | E76: SE | F76: Peraga Sinyal | G76: CLT-BOO | H76: 49+033 | I76: CLT-BOO | J76: Peraga Sinyal Elektrik
A77: 9 | B77: SIN11784 | C77: MJ14.CLT | D77: SINYAL MUKA MJ14 CLT | E77: SE | F77: Peraga Sinyal | G77: CLT | H77: 48+609 | I77: CLT | J77: Peraga Sinyal Elektrik
A78: Peraga Sinyal Elektrik 4 = 9
A79: Peraga Sinyal Elektrik = 41
A80: 1 | B80: JPL10341 | C80: JPLE.27.CLT-BOO | D80: JPL ELEKTRIK NO 27 CLT-BOO | E80: JPL | F80: Pintu Perlintasan | G80: CLT-BOO | H80: 51+093 | I80: CLT-BOO | J80: Pintu perlintasan
A81: 2 | B81: JPL10344 | C81: JPLE.28.CLT-BOO | D81: JPL ELEKTRIK NO 28 CLT-BOO | E81: JPL | F81: Pintu Perlintasan | G81: CLT-BOO | H81: 51+775 | I81: CLT-BOO | J81: Pintu perlintasan
A82: 3 | B82: JPL10520 | C82: TELEPON.JPL.28.BOO-CLT | D82: PESAWAT TELEPON JPL 28 BOO-CLT | E82: JPL | F82: Pintu Perlintasan | G82: CLT-BOO | H82: 51+775 | I82: CLT-BOO | J82: Telekomunikasi Di Pintu
A83: 4 | B83: JPL10521 | C83: TELEPON.JPL.27.BOO-CLT | D83: PESAWAT TELEPON JPL 27 BOO-CLT | E83: JPL | F83: Pintu Perlintasan | G83: CLT-BOO | H83: 51+093 | I83: CLT-BOO | J83: Telekomunikasi Di Pintu
A84: 5 | B84: JPL10524 | C84: GTK.JPL.28.BOO-CLT | D84: GENTANIK JPL 28 BOO-CLT | E84: JPL | F84: Pintu Perlintasan | G84: CLT-BOO | H84: 51+775 | I84: CLT-BOO | J84: Telekomunikasi Di Pintu
A85: 6 | B85: JPL10525 | C85: GTK.JPL.27.BOO-CLT | D85: GENTANIK JPL 27 BOO-CLT | E85: JPL | F85: Pintu Perlintasan | G85: CLT-BOO | H85: 51+093 | I85: CLT-BOO | J85: Telekomunikasi Di Pintu
A86: 7 | B86: TRA11346 | C86: OTB .FO. JPL27.BOO-CLT | D86: OTB FO JPL 27 BOO-CLT | E86: MEDIA | F86: Pintu Perlintasan | G86: CLT-BOO | H86: 51+093 | I86: BOO | J86: Serat Optik
A87: 8 | B87: TRA11347 | C87: OTB .FO. JPL28.BOO-CLT | D87: OTB FO JPL 28 BOO-CLT | E87: MEDIA | F87: Pintu Perlintasan | G87: CLT-BOO | H87: 51+775 | I87: BOO | J87: Serat Optik
A88: Pintu Perlintasan = 2, PTPP = 4, Fiber Optik = 2
A90: Keterangan | C90: :
A91: Sinyal Blok B214 masuk ke perawatan Peraga Sinyal Elektrik emplasemen utara Stasiun Bogor

Sheet Sheet5
A1: AXC.ZP207.CLT-BJD | D1: AXC.ZP60.BOO
A2: AXC.ZP206.CLT-BJD | D2: AXC.ZP61.BOO
A3: AXC.ZP205.CLT-BJD | D3: AXC.ZP62A.BOO
A4: AXC.ZP102.BJD-CLT | D4: AXC.ZP42C.BOO
A5: AXC.ZP101.BJD-CLT | D5: AXC.ZP42B.BOO
A6: AXC.ZP11.CLT | D6: AXC.ZP62B.BOO
A7: AXC.ZP12A.CLT | D7: AXC.ZP23A.BOO
A8: AXC.ZP12B.CLT | D8: AXC.ZP23B.BOO
A9: AXC.ZP13.CLT | D9: AXC.ZP24B.BOO
A10: AXC.ZP14A.CLT | D10: AXC.ZP24A.BOO
A11: AXC.ZP14B.CLT | D11: AXC.ZP13.BOO
A12: AXC.ZP24B.CLT | D12: AXC.ZP12B.BOO
... A79: AXC.ZP32B.BOO | D79: AXC.ZP10B.BTT
D80: AXC.ZP20B.BTT
D81: AXC.ZP12A.BTT
D82: AXC.ZP22A.BTT
D83: AXC.ZP12B.BTT
D84: AXC.ZP22B.BTT
D85: AXC.ZP14A.BTT
D86: AXC.ZP24A.BTT
D87: AXC.ZP14B.BTT-MSG
D88: AXC.ZP24B.MSG-BTT
D89: AXC.ZP204.BOO-CLT
D90: AXC.ZP203.BOO-CLT
D91: AXC.ZP202.BOO-CLT
... D139: AXC.ZP201B.CCR-MSG

Sheet Sheet1 (2)
A1: Bas. start date | B1: Order | C1: Equipment | D1: No. K A I | E1: Description | F1: System status | G1: Actual finish | H1: MaintActivType | I1: User status | J1: Total act.costs | K1: TotalPlnndCosts | L1: Description
A2: 20260102 | B2: 200001624576 | D2: W21A.BOO | E2: PENGGERAK WESEL W21A BOO | F2: TECO CNF NMAT PRC SETC | G2: 09:10:00 | H2: A95 | I2: P1 P3 | J2: 38817 | K2: 93808 | L2: PENGGERAK WESEL W21A BOO | N2: AXC.ZP42A.BOO
A3: 20260102 | B3: 200001624579 | D3: W31A.BOO | E3: PENGGERAK WESEL W31A BOO | F3: TECO CNF NMAT PRC SETC | G3: 09:20:00 | H3: A95 | I3: P1 P3 | J3: 34865 | K3: 93808 | L3: PENGGERAK WESEL W31A BOO | N3: AXC.ZP12A.BOO
A4: 20260102 | B4: 200001624582 | D4: W21B.BOO | E4: PENGGERAK WESEL W31B BOO | F4: TECO CNF NMAT PRC SETC | G4: 09:30:00 | H4: A95 | I4: P1 P3 | J4: 34865 | K4: 93808 | L4: PENGGERAK WESEL W31B BOO | N4: AXC.ZP22A.BOO
A5: 20260102 | B5: 200001624583 | D5: W21B1.BOO | E5: PENGGERAK WESEL W21B1 BOO | F5: TECO CNF NMAT PRC SETC | G5: 09:40:00 | H5: A95 | I5: P1 P3 | J5: 34865 | K5: 93808 | L5: PENGGERAK WESEL W21B1 BOO | N5: AXC.ZP32A.BOO
A6: 20260102 | B6: 200001624590 | D6: W21B2.BOO | E6: PENGGERAK WESEL W21B2 BOO | F6: TECO CNF NMAT PRC SETC | G6: 09:50:00 | H6: A95 | I6: P1 P3 | J6: 34865 | K6: 93808 | L6: PENGGERAK WESEL W21B2 BOO | N6: AXC.ZP31E.BOO
A7: 20260102 | B7: 200001624591 | D7: W31D.BOO | E7: PENGGERAK WESEL W31D BOO | F7: TECO CNF NMAT PRC SETC | G7: 10:00:00 | H7: A95 | I7: P1 P3 | J7: 34865 | K7: 93808 | L7: PENGGERAK WESEL W31D BOO | N7: AXC.ZP52.BOO
A8: 20260102 | B8: 200001624592 | D8: W31E.BOO | E8: PENGGERAK WESEL W31E BOO | F8: TECO CNF NMAT PRC SETC | G8: 10:10:00 | H8: A95 | I8: P1 P3 | J8: 34865 | K8: 93808 | L8: PENGGERAK WESEL W31E BOO | N8: AXC.ZP72.BOO
A9: 20260102 | B9: 200001624593 | D9: W51A1.BOO | E9: PENGGERAK WESEL W51A1 BOO | F9: TECO CNF NMAT PRC SETC | G9: 10:20:00 | H9: A95 | I9: P1 P3 | J9: 34865 | K9: 93808 | L9: PENGGERAK WESEL W51A1 BOO | N9: AXC.ZP92.BOO
A10: 20260102 | B10: 200001624594 | D10: W51A2.BOO | E10: PENGGERAK WESEL W51A2 BOO | F10: TECO CNF NMAT PRC SETC | G10: 10:30:00 | H10: A95 | I10: P1 P3 | J10: 34865 | K10: 93808 | L10: PENGGERAK WESEL W51A2 BOO | N10: AXC.ZP31D.BOO
A11: 20260102 | B11: 200001624605 | D11: W41.BOO | E11: PENGGERAK WESEL W41 BOO | F11: TECO CNF NMAT PRC SETC | G11: 10:40:00 | H11: A95 | I11: P1 P3 | J11: 34865 | K11: 93808 | L11: PENGGERAK WESEL W41 BOO | N11: AXC.ZP31C.BOO
A12: 20260102 | B12: 200001624606 | D12: W43.BOO | E12: PENGGERAK WESEL W43 BOO | F12: TECO CNF NMAT PRC SETC | G12: 10:50:00 | H12: A95 | I12: P1 P3 | J12: 34865 | K12: 93808 | L12: PENGGERAK WESEL W43 BOO | N12: AXC.ZP31B.BOO
A13: 20260102 | B13: 200001624607 | D13: W13.BOO | E13: PENGGERAK WESEL W13 BOO | F13: TECO CNF NMAT PRC SETC | G13: 11:00:00 | H13: A95 | I13: P1 P3 | J13: 34865 | K13: 93808 | L13: PENGGERAK WESEL W13 BOO | N13: AXC.ZP21C.BOO
... A36: 20260103 | B36: 200001630073 | D36: JL22B.BOO | E36: SINYAL KELUAR DAN LANGSIR JL22B BOO | F36: TECO CNF NMAT PRC SETC | G36: 11:15:00 | H36: A95 | I36: P1 P3 | J36: 54158 | K36: 13498899 | L36: SINYAL KELUAR DAN LANGSIR JL22B BOO | N36: AXC.ZP32B.BOO
A37: 20260103 | B37: 200001630074 | D37: JL42B.BOO. | E37: SINYAL KELUAR DAN LANGSIR JL42B BOO | F37: TECO CNF NMAT PRC SETC | G37: 11:30:00 | H37: A95 | I37: P1 P3 | J37: 54158 | K37: 13498899 | L37: SINYAL KELUAR DAN LANGSIR JL42B BOO
A38: 20260103 | B38: 200001630076 | D38: JL42C.BOO | E38: SINYAL KELUAR DAN LANGSIR JL42C BOO | F38: TECO CNF NMAT PRC SETC | G38: 11:45:00 | H38: A95 | I38: P1 P3 | J38: 54158 | K38: 13498899 | L38: SINYAL KELUAR DAN LANGSIR JL42C BOO
A39: 20260103 | B39: 200001630089 | D39: JL62B.BOO | E39: SINYAL KELUAR DAN LANGSIR JL62B BOO | F39: TECO CNF NMAT PRC SETC | G39: 12:00:00 | H39: A95 | I39: P1 P3 | J39: 54158 | K39: 13498899 | L39: SINYAL KELUAR DAN LANGSIR JL62B BOO
A40: 20260103 | B40: 200001630093 | D40: L80.BOO | E40: SINYAL LANGSIR L80 BOO | F40: TECO CNF NMAT PRC SETC | G40: 12:15:00 | H40: A95 | I40: P1 P3 | J40: 54158 | K40: 13498899 | L40: SINYAL LANGSIR L80 BOO
A41: 20260103 | B41: 200001630095 | D41: L60.BOO. | E41: SINYAL LANGSIR L60 BOO | F41: TECO CNF NMAT PRC SETC | G41: 12:30:00 | H41: A95 | I41: P1 P3 | J41: 54158 | K41: 13498899 | L41: SINYAL LANGSIR L60 BOO
A42: 20260103 | B42: 200001630098 | D42: L62A.BOO | E42: SINYAL LANGSIR L62A BOO | F42: TECO CNF NMAT PRC SETC | G42: 12:45:00 | H42: A95 | I42: P1 P3 | J42: 54158 | K42: 13498899 | L42: SINYAL LANGSIR L62A BOO
A43: 20260103 | B43: 200001676426 | D43: PRLTN.BLOK.CLT-BJD | E43: PERALATAN BLOK CLT - BJD | F43: TECO CNF NMAT PRC SETC | G43: 13:30:00 | H43: A95 | I43: P1 P3 | J43: 34865 | K43: 62476 | L43: PERALATAN BLOK CLT - BJD
A44: 20260103 | B44: 200001676427 | D44: PRLTN.BLOK.CLT-BOO | E44: PERALATAN BLOK CLT - BOO | F44: TECO CNF NMAT PRC SETC | G44: 13:40:00 | H44: A95 | I44: P1 P3 | J44: 34865 | K44: 62476 | L44: PERALATAN BLOK CLT - BOO
A45: 20260103 | B45: 200001676428 | D45: DL.CLT | E45: DATA LOGGER CLT | F45: TECO CNF NMAT PRC SETC | G45: 13:50:00 | H45: A95 | I45: P1 P3 | J45: 34865 | K45: 62476 | L45: DATA LOGGER CLT
A46: 20260105 | B46: 200001640653 | D46: GST.ER.SYL.BTT | E46: GENSET ER SINYAL BTT | F46: TECO CNF NMAT PRC SETC | G46: 09:10:00 | H46: A95 | I46: P1 P3 | J46: 38817 | K46: 62476 | L46: GENSET ER SINYAL BTT
A47: 20260105 | B47: 200001640656 | D47: UPS.ER.SYL.BTT | E47: UPS ER SINYAL BTT | F47: TECO CNF NMAT PRC SETC | G47: 09:20:00 | H47: A95 | I47: P1 P3 | J47: 34865 | K47: 62476 | L47: UPS ER SINYAL BTT
A48: 20260105 | B48: 200001640700 | D48: BATT.ER.SYL.BTT | E48: BATTERE ER SINYAL BTT | F48: TECO CNF NMAT PRC SETC | G48: 09:30:00 | H48: A95 | I48: P1 P3 | J48: 34865 | K48: 62476 | L48: BATTERE ER SINYAL BTT
... A572: 20260129 | B572: 200001753193 | D572: OTB.FO.JPL01.BOO | E572: OTB FO JPL 01 BOO | F572: TECO CNF NMAT PRC SETC | G572: 09:30:00 | H572: A95 | I572: P1 P3 | J572: 34865 | K572: 62476 | L572: OTB FO JPL 01 BOO

Sheet BOO
A1: STASIUN BOGOR
A3: No. | B3: Functional Loc. | C3: No. K A I | D3: Description | E3: Catalog profile | F3: Jenis Perawatan | G3: Lokasi | H3: KM. | I3: LOKASI P3 | J3: Kode Cheklist
A4: 1 | B4: CDA10136 | C4: GST.RXX.BOO | D4: GENSET ER RADIO BOO | E4: CD | F4: Catu Daya | G4: BOO | H4: 54+700 | I4: BOO | J4: Catudaya (40 Baterai)
A5: 2 | B5: CDA10246 | C5: UPS.RXX.BOO | D5: UPS ER RADIO BOO | E5: CD | F5: Catu Daya | G5: BOO | H5: 54+886 | I5: BOO | J5: Catudaya (40 Baterai)
A6: 3 | B6: CDA10332 | C6: BATT.RXX.BOO | D6: BATTERE BANK ER RADIO BOO | E6: CD | F6: Catu Daya | G6: BOO | H6: 54+700 | I6: BOO | J6: Catudaya (40 Baterai)
A7: 4 | B7: CDA10145 | C7: GST.ER.SYL.BOO | D7: GENSET ER SINYAL BOO | E7: CD | F7: Catu Daya | G7: BOO | H7: 54+886 | I7: BOO | J7: Catudaya (40 Baterai)
A8: 5 | B8: CDA10251 | C8: UPS.ER.SYL.BOO | D8: UPS ER SINYAL BOO | E8: CD | F8: Catu Daya | G8: BOO | H8: 54+700 | I8: BOO | J8: Catudaya (40 Baterai)
A9: 6 | B9: CDA10336 | C9: BATT.ER.SYL.BOO | D9: BATTERE BANK ER SINYAL BOO | E9: CD | F9: Catu Daya | G9: BOO | H9: 54+886 | I9: BOO | J9: Catudaya (40 Baterai)
A10: Catu Daya = 6
A11: 1 | B11: AXL11473 | C11: AXC.ZP42A.BOO | D11: AXLE COUNTER ZP 42A BOO | E11: SE | F11: Deteksi KA | G11: BOO | H11: 54+568 | I11: BOO | J11: Deteksi KA (Siemens)
A12: 2 | B12: AXL11480 | C12: AXC.ZP12A.BOO | D12: AXLE COUNTER ZP 12A BOO | E12: SE | F12: Deteksi KA | G12: BOO | H12: 54+638 | I12: BOO | J12: Deteksi KA (Siemens)
A13: 3 | B13: AXL11483 | C13: AXC.ZP22A.BOO | D13: AXLE COUNTER ZP 22A BOO | E13: SE | F13: Deteksi KA | G13: BOO | H13: 54+593 | I13: BOO | J13: Deteksi KA (Siemens)
A14: 4 | B14: AXL11486 | C14: AXC.ZP32A.BOO | D14: AXLE COUNTER ZP 32A BOO | E14: SE | F14: Deteksi KA | G14: BOO | H14: 54+637 | I14: BOO | J14: Deteksi KA (Siemens)
A15: 5 | B15: AXL11487 | C15: AXC.ZP31E.BOO | D15: AXLE COUNTER ZP 31E BOO | E15: SE | F15: Deteksi KA | G15: BOO | H15: 54+571 | I15: BOO | J15: Deteksi KA (Siemens)
A16: 6 | B16: AXL11488 | C16: AXC.ZP52.BOO | D16: AXLE COUNTER ZP 52 BOO | E16: SE | F16: Deteksi KA | G16: BOO | H16: 54+667 | I16: BOO | J16: Deteksi KA (Siemens)
A17: 7 | B17: AXL11489 | C17: AXC.ZP72.BOO | D17: AXLE COUNTER ZP 72 BOO | E17: SE | F17: Deteksi KA | G17: BOO | H17: 54+680 | I17: BOO | J17: Deteksi KA (Siemens)
A18: 8 | B18: AXL11490 | C18: AXC.ZP92.BOO | D18: AXLE COUNTER ZP 92 BOO | E18: SE | F18: Deteksi KA | G18: BOO | H18: 54+680 | I18: BOO | J18: Deteksi KA (Siemens)
A19: 9 | B19: AXL11491 | C19: AXC.ZP31D.BOO | D19: AXLE COUNTER ZP 31D BOO | E19: SE | F19: Deteksi KA | G19: BOO | H19: 54+585 | I19: BOO | J19: Deteksi KA (Siemens)
A20: 10 | B20: AXL11492 | C20: AXC.ZP31C.BOO | D20: AXLE COUNTER ZP 31C BOO | E20: SE | F20: Deteksi KA | G20: BOO | H20: 54+549 | I20: BOO | J20: Deteksi KA (Siemens)
A21: 11 | B21: AXL11493 | C21: AXC.ZP31B.BOO | D21: AXLE COUNTER ZP 31B BOO | E21: SE | F21: Deteksi KA | G21: BOO | H21: 54+287 | I21: BOO | J21: Deteksi KA (Siemens)
A22: 12 | B22: AXL11494 | C22: AXC.ZP21C.BOO | D22: AXLE COUNTER ZP 21C BOO | E22: SE | F22: Deteksi KA | G22: BOO | H22: 54+476 | I22: BOO | J22: Deteksi KA (Siemens)
... A30: 20 | B30: AXL11503 | C30: AXC.ZP21B.BOO | D30: AXLE COUNTER ZP 21B BOO | E30: SE | F30: Deteksi KA | G30: BOO | H30: 54+426 | I30: BOO | J30: Deteksi KA (Siemens)
A31: Axle Counter Utara = 20
A32: 1 | B32: AXL11468 | C32: AXC.ZP60.BOO | D32: AXLE COUNTER ZP 60 BOO | E32: SE | F32: Deteksi KA | G32: BOO | H32: 54+678 | I32: BOO | J32: Deteksi KA (Siemens)
A33: 2 | B33: AXL11469 | C33: AXC.ZP61.BOO | D33: AXLE COUNTER ZP 61 BOO | E33: SE | F33: Deteksi KA | G33: BOO | H33: 54+688 | I33: BOO | J33: Deteksi KA (Siemens)
A34: 3 | B34: AXL11470 | C34: AXC.ZP62A.BOO | D34: AXLE COUNTER ZP 62A BOO | E34: SE | F34: Deteksi KA | G34: BOO | H34: 54+770 | I34: BOO | J34: Deteksi KA (Siemens)
A35: 4 | B35: AXL11471 | C35: AXC.ZP42C.BOO | D35: AXLE COUNTER ZP 42C BOO | E35: SE | F35: Deteksi KA | G35: BOO | H35: 54+872 | I35: BOO | J35: Deteksi KA (Siemens)
A36: 5 | B36: AXL11472 | C36: AXC.ZP41.BOO | D36: AXLE COUNTER ZP 41 BOO | E36: SE | F36: Deteksi KA | G36: BOO | H36: 54+729 | I36: BOO | J36: Deteksi KA (Siemens)
A37: 6 | B37: AXL11474 | C37: AXC.ZP42B.BOO | D37: AXLE COUNTER ZP 42B BOO | E37: SE | F37: Deteksi KA | G37: BOO | H37: 54+770 | I37: BOO | J37: Deteksi KA (Siemens)
A38: 7 | B38: AXL11475 | C38: AXC.ZP62B.BOO | D38: AXLE COUNTER ZP 62B BOO | E38: SE | F38: Deteksi KA | G38: BOO | H38: 54+872 | I38: BOO | J38: Deteksi KA (Siemens)
A39: 8 | B39: AXL11476 | C39: AXC.ZP23A.BOO | D39: AXLE COUNTER ZP 23A BOO | E39: SE | F39: Deteksi KA | G39: BOO | H39: 54+965 | I39: BOO | J39: Deteksi KA (Siemens)
A40: 9 | B40: AXL11477 | C40: AXC.ZP23B.BOO | D40: AXLE COUNTER ZP 23B BOO | E40: SE | F40: Deteksi KA | G40: BOO | H40: 54+965 | I40: BOO | J40: Deteksi KA (Siemens)
A41: 10 | B41: AXL11478 | C41: AXC.ZP24B.BOO | D41: AXLE COUNTER ZP 24B BOO | E41: SE | F41: Deteksi KA | G41: BOO | H41: 55+054 | I41: BOO | J41: Deteksi KA (Siemens)
A42: 11 | B42: AXL11479 | C42: AXC.ZP24A.BOO | D42: AXLE COUNTER ZP 24A BOO | E42: SE | F42: Deteksi KA | G42: BOO | H42: 55+022 | I42: BOO | J42: Deteksi KA (Siemens)
A43: 12 | B43: AXL11481 | C43: AXC.ZP13.BOO | D43: AXLE COUNTER ZP 13 BOO | E43: SE | F43: Deteksi KA | G43: BOO | H43: 54+961 | I43: BOO | J43: Deteksi KA (Siemens)
... A46: 15 | B46: AXL11485 | C46: AXC.ZP32B.BOO | D46: AXLE COUNTER ZP 32B BOO | E46: SE | F46: Deteksi KA | G46: BOO | H46: 54+901 | I46: BOO | J46: Deteksi KA (Siemens)
A47: Axle Counter Selatan = 15
A48: Total Deteksi KA = 35
A49: 1 | B49: INB10512 | C49: PC.VDU.1.BOO | D49: PANEL PELAYANAN VDU 1 BOO | E49: SE | F49: PDSE | G49: BOO | H49: 54+886 | I49: BOO | J49: Peralatan dalam sinyal elektrik
A50: 2 | B50: INB10513 | C50: PC.VDU.2.BOO | D50: PANEL PELAYANAN VDU 2 BOO | E50: SE | F50: PDSE | G50: BOO | H50: 54+886 | I50: BOO | J50: Peralatan dalam sinyal elektrik
A51: 3 | B51: INB10519 | C51: IL.SIL.SAFE4000.BOO | D51: INTERLOCKING SIL SAFE 4000 BOO | E51: SE | F51: PDSE | G51: BOO | H51: 54+886 | I51: BOO | J51: Peralatan dalam sinyal elektrik
A52: 4 | B52: INB10530 | C52: DL.BOO. | D52: DATA LOGGER BOO | E52: SE | F52: PDSE | G52: BOO | H52: 54+886 | I52: BOO | J52: Peralatan dalam sinyal elektrik
A53: 5 | B53: INB10546 | C53: PRLTN.BLOK.BOO-CLT | D53: PERALATAN BLOK BOO - CLT | E53: SE | F53: PDSE | G53: BOO | H53: 54+886 | I53: BOO | J53: Peralatan dalam sinyal elektrik
A54: 6 | B54: INB10547 | C54: PRLTN.BLOK.BOO-BOP | D54: PERALATAN BLOK BOO - BOP | E54: SE | F54: PDSE | G54: BOO | H54: 54+886 | I54: BOO | J54: Peralatan dalam sinyal elektrik
A55: 7 | B55: INB10640 | C55: VDU.1.BTT | D55: PANEL PELAYANAN VDU 1 BTT | E55: SE | F55: PDSE | G55: BOO | H55: 54+886 | I55: BTT | J55: Peralatan dalam sinyal elektrik
A56: 8 | B56: INB10641 | C56: VDU.2.BTT | D56: PANEL PELAYANAN VDU 2 BTT | E56: SE | F56: PDSE | G56: BOO | H56: 54+886 | I56: BTT | J56: Peralatan dalam sinyal elektrik
A57: 10 | B57: TLK10771 | C57: PC.VDU.1.BTT | D57: PC VDU 1 BTT | E57: SE | F57: PDSE | G57: BOO | J57: Peralatan dalam sinyal elektrik
A58: 11 | B58: TLK10772 | C58: PC.VDU.2.BTT | D58: PC VDU 2 BTT | E58: SE | F58: PDSE | G58: BOO | J58: Peralatan dalam sinyal elektrik
A59: 9 | B59: TRA11227 | C59: BANG.ER.SYL.BOO | D59: BANGUNAN ER SINYAL BOO | E59: BANG | F59: PDSE | G59: BOO | H59: 54+886 | I59: BOO | J59: Peralatan dalam sinyal elektrik
A60: PDSE = 9
A61: 4 | B61: INB10529 | C61: TSC.BOO | D61: PANEL DISPLAY DALWAS PERKA BOO | E61: SE | F61: PDSE | G61: BOO | H61: 54+886 | I61: BOO | J61: CTC-CTS
A62: CTC-CTS = 1
A63: 1 | B63: WSL11073 | C63: W21A.BOO | D63: PENGGERAK WESEL W21A BOO | E63: SE | F63: Penggerak Wesel | G63: BOO | H63: 54+315 | I63: BOO | J63: Penggerak Wesel elektrik
A64: 2 | B64: WSL11074 | C64: W21B1.BOO | D64: PENGGERAK WESEL W21B1 BOO | E64: SE | F64: Penggerak Wesel | G64: BOO | H64: 54+520 | I64: BOO | J64: Penggerak Wesel elektrik
A65: 3 | B65: WSL11075 | C65: W21B2.BOO | D65: PENGGERAK WESEL W21B2 BOO | E65: SE | F65: Penggerak Wesel | G65: BOO | H65: 54+522 | I65: BOO | J65: Penggerak Wesel elektrik
A66: 4 | B66: WSL11083 | C66: W51A2.BOO | D66: PENGGERAK WESEL W51A2 BOO | E66: SE | F66: Penggerak Wesel | G66: BOO | H66: 54+593 | I66: BOO | J66: Penggerak Wesel elektrik
A67: 5 | B67: WSL11084 | C67: W51A1.BOO | D67: PENGGERAK WESEL W51A1 BOO | E67: SE | F67: Penggerak Wesel | G67: BOO | H67: 54+591 | I67: BOO | J67: Penggerak Wesel elektrik
A68: 6 | B68: WSL11085 | C68: W31E.BOO | D68: PENGGERAK WESEL W31E BOO | E68: SE | F68: Penggerak Wesel | G68: BOO | H68: 54+577 | I68: BOO | J68: Penggerak Wesel elektrik
A69: 7 | B69: WSL11086 | C69: W31D.BOO | D69: PENGGERAK WESEL W31D BOO | E69: SE | F69: Penggerak Wesel | G69: BOO | H69: 54+556 | I69: BOO | J69: Penggerak Wesel elektrik
A70: 8 | B70: WSL11087 | C70: W31B.BOO | D70: PENGGERAK WESEL W31B BOO | E70: SE | F70: Penggerak Wesel | G70: BOO | H70: 54+432 | I70: BOO | J70: Penggerak Wesel elektrik
A71: 9 | B71: WSL11088 | C71: W31A.BOO | D71: PENGGERAK WESEL W31A BOO | E71: SE | F71: Penggerak Wesel | G71: BOO | H71: 54+384 | I71: BOO | J71: Penggerak Wesel elektrik
A72: Wesel Utara (9x2) = 18
A73: 1 | B73: WSL11076 | C73: W61A1.BOO | D73: PENGGERAK WESEL W61A1 BOO | E73: SE | F73: Penggerak Wesel | G73: BOO | H73: 54+704 | I73: BOO | J73: Penggerak Wesel elektrik inggris
A74: 2 | B74: WSL11077 | C74: W61A2.BOO | D74: PENGGERAK WESEL W61A2 BOO | E74: SE | F74: Penggerak Wesel | G74: BOO | H74: 54+717 | I74: BOO | J74: Penggerak Wesel elektrik inggris
A75: 3 | B75: WSL11078 | C75: W41.BOO | D75: PENGGERAK WESEL W41 BOO | E75: SE | F75: Penggerak Wesel | G75: BOO | H75: 54+758 | I75: BOO | J75: Penggerak Wesel elektrik
A76: 4 | B76: WSL11079 | C76: W43.BOO | D76: PENGGERAK WESEL W43 BOO | E76: SE | F76: Penggerak Wesel | G76: BOO | H76: 54+935 | I76: BOO | J76: Penggerak Wesel elektrik
A77: 5 | B77: WSL11080 | C77: W23A.BOO | D77: PENGGERAK WESEL W23A BOO | E77: SE | F77: Penggerak Wesel | G77: BOO | H77: 54+959 | I77: BOO | J77: Penggerak Wesel elektrik
A78: 6 | B78: WSL11081 | C78: W23B.BOO | D78: PENGGERAK WESEL W23B BOO | E78: SE | F78: Penggerak Wesel | G78: BOO | H78: 54+994 | I78: BOO | J78: Penggerak Wesel elektrik
A79: 7 | B79: WSL11082 | C79: W13.BOO | D79: PENGGERAK WESEL W13 BOO | E79: SE | F79: Penggerak Wesel | G79: BOO | H79: 54+955 | I79: BOO | J79: Penggerak Wesel elektrik
A80: Wesel Selatan (7x2) = 14
A81: Total Penggerak Wesel Elektrik (16x2) = 32
A82: 1 | B82: WSL11089 | C82: W81.BOO | D82: PENGAMAN WESEL SETEMPAT ELEKTRIK W81 BOO | E82: SE | F82: Penggerak Wesel | G82: BOO | H82: 54+683 | I82: BOO | J82: Point Lock
A83: Point Lock (1x2) = 2
A84: 1 | B84: SIN11785 | C84: B.214.BOO-CLT | D84: SINYAL BLOK B.214 BOO-CLT | E84: SE | F84: Peraga Sinyal | G84: CLT-BOO | H84: 54+057 | I84: CLT-BOO | J84: Peraga Sinyal Elektrik
A85: 2 | B85: SIN11691 | C85: JL92.BOO. | D85: SINYAL KELUAR DAN LANGSIR JL92 BOO | E85: SE | F85: Peraga Sinyal | G85: BOO | H85: 54+682 | I85: BOO | J85: Peraga Sinyal Elektrik
A86: 3 | B86: SIN11692 | C86: JL72.BOO | D86: SINYAL KELUAR DAN LANGSIR JL72 BOO | E86: SE | F86: Peraga Sinyal | G86: BOO | H86: 54+682 | I86: BOO | J86: Peraga Sinyal Elektrik
A87: 4 | B87: SIN11693 | C87: JL52.BOO | D87: SINYAL KELUAR DAN LANGSIR JL52 BOO | E87: SE | F87: Peraga Sinyal | G87: BOO | H87: 54+673 | I87: BOO | J87: Peraga Sinyal Elektrik
A88: 5 | B88: SIN11694 | C88: JL32A.BOO. | D88: SINYAL KELUAR DAN LANGSIR JL32A BOO | E88: SE | F88: Peraga Sinyal | G88: BOO | H88: 54+643 | I88: BOO | J88: Peraga Sinyal Elektrik
A89: 6 | B89: SIN11696 | C89: JL12A.BOO | D89: SINYAL KELUAR DAN LANGSIR JL12A BOO | E89: SE | F89: Peraga Sinyal | G89: BOO | H89: 54+644 | I89: BOO | J89: Peraga Sinyal Elektrik
A90: 7 | B90: SIN11698 | C90: JL22A.BOO | D90: SINYAL KELUAR DAN LANGSIR JL22A BOO | E90: SE | F90: Peraga Sinyal | G90: BOO | H90: 54+599 | I90: BOO | J90: Peraga Sinyal Elektrik
A91: 8 | B91: SIN11700 | C91: JL42A.BOO | D91: SINYAL KELUAR DAN LANGSIR JL42A BOO | E91: SE | F91: Peraga Sinyal | G91: BOO | H91: 54+574 | I91: BOO | J91: Peraga Sinyal Elektrik
A92: 9 | B92: SIN11704 | C92: J10.BOO. | D92: SINYAL MASUK J10 BOO | E92: SE | F92: Peraga Sinyal | G92: BOO | H92: 53+945 | I92: BOO | J92: Peraga Sinyal Elektrik
A93: 10 | B93: SIN11705 | C93: J20.BOO | D93: SINYAL MASUK J20 BOO | E93: SE | F93: Peraga Sinyal | G93: BOO | H93: 53+737 | I93: BOO | J93: Peraga Sinyal Elektrik
A94: 11 | B94: SIN11710 | C94: L20.BOO | D94: SINYAL LANGSIR L20 BOO | E94: SE | F94: Peraga Sinyal | G94: BOO | H94: 54+299 | I94: BOO | J94: Peraga Sinyal Elektrik
A95: Sinyal Utara = 11
A96: 1 | B96: SIN11695 | C96: JL32B.BOO. | D96: SINYAL KELUAR DAN LANGSIR JL32B BOO | E96: SE | F96: Peraga Sinyal | G96: BOO | H96: 54+896 | I96: BOO | J96: Peraga Sinyal Elektrik
A97: 2 | B97: SIN11697 | C97: JL12B.BOO | D97: SINYAL KELUAR DAN LANGSIR JL12B BOO | E97: SE | F97: Peraga Sinyal | G97: BOO | H97: 54+896 | I97: BOO | J97: Peraga Sinyal Elektrik
A98: 3 | B98: SIN11699 | C98: JL22B.BOO | D98: SINYAL KELUAR DAN LANGSIR JL22B BOO | E98: SE | F98: Peraga Sinyal | G98: BOO | H98: 54+900 | I98: BOO | J98: Peraga Sinyal Elektrik
A99: 4 | B99: SIN11701 | C99: JL42B.BOO. | D99: SINYAL KELUAR DAN LANGSIR JL42B BOO | E99: SE | F99: Peraga Sinyal | G99: BOO | H99: 54+776 | I99: BOO | J99: Peraga Sinyal Elektrik
A100: 5 | B100: SIN11702 | C100: JL42C.BOO | D100: SINYAL KELUAR DAN LANGSIR JL42C BOO | E100: SE | F100: Peraga Sinyal | G100: BOO | H100: 54+867 | I100: BOO | J100: Peraga Sinyal Elektrik
A101: 6 | B101: SIN11703 | C101: JL62B.BOO | D101: SINYAL KELUAR DAN LANGSIR JL62B BOO | E101: SE | F101: Peraga Sinyal | G101: BOO | H101: 54+867 | I101: BOO | J101: Peraga Sinyal Elektrik
A102: 7 | B102: SIN11707 | C102: L80.BOO | D102: SINYAL LANGSIR L80 BOO | E102: SE | F102: Peraga Sinyal | G102: BOO | H102: 54+673 | I102: BOO | J102: Peraga Sinyal Elektrik
A103: 8 | B103: SIN11708 | C103: L60.BOO. | D103: SINYAL LANGSIR L60 BOO | E103: SE | F103: Peraga Sinyal | G103: BOO | H103: 54+673 | I103: BOO | J103: Peraga Sinyal Elektrik
A104: 9 | B104: SIN11709 | C104: L62A.BOO | D104: SINYAL LANGSIR L62A BOO | E104: SE | F104: Peraga Sinyal | G104: BOO | H104: 54+776 | I104: BOO | J104: Peraga Sinyal Elektrik
A105: Sinyal Selatan = 9
A106: Total Peraga Sinyal Elektrik = 20
A107: 1 | B107: JPL10350 | C107: JPLE.2.BOO | D107: JPL ELEKTRIK NO 2 BOO | E107: JPL | F107: Pintu Perlintasan | G107: BOO | H107: 54+409 | I107: BOO | J107: Pintu perlintasan
A108: 2 | B108: JPL10485 | C108: TELEPON.JPL.02.BOO | D108: PESAWAT TELEPON JPL 02 BOO | E108: JPL | F108: Pintu Perlintasan | G108: BOO | H108: 54+900 | I108: BOO | J108: Telekomunikasi Di Pintu
A109: 3 | B109: JPL10486 | C109: TELEPON.JPL.01.BOO | D109: PESAWAT TELEPON JPL 01 BOO | E109: JPL | F109: Pintu Perlintasan | G109: BOO | H109: 54+376 | I109: BOO | J109: Telekomunikasi Di Pintu
A110: 4 | B110: JPL10503 | C110: GENTANIK.JPL02.BOO | D110: GENTANIK JPL 02 BOO | E110: JPL | F110: Pintu Perlintasan | G110: BOO | H110: 54+900 | I110: BOO-BTT | J110: Telekomunikasi Di Pintu
...

Sheet BOP
A1: STASIUN BOGOR PALEDANG
A3: No. | B3: Functional Loc. | C3: No. K A I | D3: Description | E3: Catalog profile | F3: Jenis Perawatan | G3: Lokasi | H3: KM. | I3: LOKASI P3 | J3: Kode Cheklist
A4: 1 | B4: CDA10146 | C4: GST.ER.RADIO.BOP | D4: GENSET ER SINYAL BOP | E4: CD | F4: Catu Daya | G4: BOP | H4: 0+450 | I4: BOP | J4: Catudaya (40 Baterai)
A5: 2 | B5: CDA10252 | C5: UPS.ER.RADIO.BOP | D5: UPS ER SINYAL BOP | E5: CD | F5: Catu Daya | G5: BOP | H5: 0+450 | I5: BOP | J5: Catudaya (40 Baterai)
A6: 3 | B6: CDA10337 | C6: BATT.ER.RADIO.BOP | D6: BATTERE BANK ER SINYAL BOP | E6: CD | F6: Catu Daya | G6: BOP | H6: 0+450 | I6: BOP | J6: Catudaya (40 Baterai)
A7: Catu Daya = 3
A8: 1 | B8: AXL11505 | C8: AXC.ZP25.BOP | D8: AXLE COUNTER ZP 25 BOP | E8: SE | F8: Deteksi KA | G8: BOP | H8: 0+252 | I8: BOP | J8: Deteksi KA (Frauscher)
A9: 2 | B9: AXL11506 | C9: AXC.ZP26A.BOP | D9: AXLE COUNTER ZP 26A BOP | E9: SE | F9: Deteksi KA | G9: BOP | H9: 0+318 | I9: BOP | J9: Deteksi KA (Frauscher)
A10: 3 | B10: AXL11507 | C10: AXC.ZP46A.BOP | D10: AXLE COUNTER ZP 46A BOP | E10: SE | F10: Deteksi KA | G10: BOP | H10: 0+318 | I10: BOP | J10: Deteksi KA (Frauscher)
A11: 4 | B11: AXL11508 | C11: AXC.ZP66A.BOP | D11: AXLE COUNTER ZP 66A BOP | E11: SE | F11: Deteksi KA | G11: BOP | H11: 0+315 | I11: BOP | J11: Deteksi KA (Frauscher)
A12: 5 | B12: AXL11509 | C12: AXC.ZP26B.BOP | D12: AXLE COUNTER ZP 26B BOP | E12: SE | F12: Deteksi KA | G12: BOP | H12: 0+590 | I12: BOP | J12: Deteksi KA (Frauscher)
A13: 6 | B13: AXL11510 | C13: AXC.ZP46B.BOP | D13: AXLE COUNTER ZP 46B BOP | E13: SE | F13: Deteksi KA | G13: BOP | H13: 0+590 | I13: BOP | J13: Deteksi KA (Frauscher)
A14: 7 | B14: AXL11511 | C14: AXC.ZP66B.BOP | D14: AXLE COUNTER ZP 66B BOP | E14: SE | F14: Deteksi KA | G14: BOP | H14: 0+590 | I14: BOP | J14: Deteksi KA (Frauscher)
A15: 8 | B15: AXL11512 | C15: AXC.ZP47A.BOP | D15: AXLE COUNTER ZP 47A BOP | E15: SE | F15: Deteksi KA | G15: BOP | H15: 0+640 | I15: BOP | J15: Deteksi KA (Frauscher)
A16: 9 | B16: AXL11513 | C16: AXC.ZP68.BOP | D16: AXLE COUNTER ZP 68 BOP | E16: SE | F16: Deteksi KA | G16: BOP | H16: 0+664 | I16: BOP | J16: Deteksi KA (Frauscher)
A17: 10 | B17: AXL11514 | C17: AXC.ZP47B.BOP | D17: AXLE COUNTER ZP 47B BOP | E17: SE | F17: Deteksi KA | G17: BOP | H17: 0+680 | I17: BOP | J17: Deteksi KA (Frauscher)
A18: 11 | B18: AXL11515 | C18: AXC.ZP47C.BOP | D18: AXLE COUNTER ZP 47C BOP | E18: SE | F18: Deteksi KA | G18: BOP | H18: 0+986 | I18: BOP | J18: Deteksi KA (Frauscher)
A19: 12 | B19: AXL11516 | C19: AXC.ZP26C.BOP | D19: AXLE COUNTER ZP 26C BOP | E19: SE | F19: Deteksi KA | G19: BOP | H19: 0+986 | I19: BOP | J19: Deteksi KA (Frauscher)
... A29: 22 | B29: AXL11562 | C29: AXC.ZP28B.BOP | D29: AXLE COUNTER ZP 28B BOP | E29: SE | F29: Deteksi KA | G29: BOP | H29: 1+500 | I29: BOP | J29: Deteksi KA (Frauscher)
A30: Deteksi KA = 22
A31: 1 | B31: INB10514 | C31: PC.VDU.1.BOP | D31: PANEL PELAYANAN VDU 1 BOP | E31: SE | F31: PDSE | G31: BOP | H31: 0+412 | I31: BOP | J31: Peralatan dalam sinyal elektrik
A32: 2 | B32: INB10515 | C32: PC.VDU.2.BOP | D32: PANEL PELAYANAN VDU 2 BOP | E32: SE | F32: PDSE | G32: BOP | H32: 0+412 | I32: BOP | J32: Peralatan dalam sinyal elektrik
A33: 3 | B33: INB10520 | C33: IL.SIL.SAFE4000.BOP | D33: INTERLOCKING SIL SAFE 4000 BOP | E33: SE | F33: PDSE | G33: BOP | H33: 0+425 | I33: BOP | J33: Peralatan dalam sinyal elektrik
A34: 4 | B34: INB10531 | C34: DL.BOP | D34: DATA LOGGER BOP | E34: SE | F34: PDSE | G34: BOP | H34: 0+425 | I34: BOP | J34: Peralatan dalam sinyal elektrik
A35: 5 | B35: INB10643 | C35: PRLTN.BLOK.BOP-BOO | D35: PERALATAN BLOK BOP-BOO | E35: SE | F35: PDSE | G35: BOP | H35: 0+425 | I35: BOP | J35: Peralatan dalam sinyal elektrik
A36: 6 | B36: INB10644 | C36: PRLTN.BLOK.BOP-BTT | D36: PERALATAN BLOK BOP-BTT | E36: SE | F36: PDSE | G36: BOP | H36: 0+425 | I36: BOP | J36: Peralatan dalam sinyal elektrik
A37: 7 | B37: TRA11228 | C37: BANG.ER.SYL.BOP | D37: BANGUNAN ER SINYAL BOP | E37: BANG | F37: PTDS | G37: BOP | H37: 0+450 | I37: BOP | J37: Peralatan dalam sinyal elektrik
A38: PDSE = 7
A39: 1 | B39: WSL11090 | C39: W25.BOP | D39: PENGGERAK WESEL W25 BOP | E39: SE | F39: Penggerak Wesel | G39: BOP | H39: 0+260 | I39: BOP | J39: Penggerak Wesel elektrik
A40: 2 | B40: WSL11091 | C40: W67.BOP | D40: PENGGERAK WESEL W67 BOP | E40: SE | F40: Penggerak Wesel | G40: BOP | H40: 0+608 | I40: BOP | J40: Penggerak Wesel elektrik
A41: 3 | B41: WSL11092 | C41: W47A.BOP | D41: PENGGERAK WESEL W47A BOP | E41: SE | F41: Penggerak Wesel | G41: BOP | H41: 0+671 | I41: BOP | J41: Penggerak Wesel elektrik
A42: 4 | B42: WSL11093 | C42: W47C.BOP | D42: PENGGERAK WESEL W47C BOP | E42: SE | F42: Penggerak Wesel | G42: BOP | H42: 0+995 | I42: BOP | J42: Penggerak Wesel elektrik
A43: 5 | B43: WSL11094 | C43: W27A.BOP | D43: PENGGERAK WESEL W27A BOP | E43: SE | F43: Penggerak Wesel | G43: BOP | H43: 1+063 | I43: BOP | J43: Penggerak Wesel elektrik
A44: 6 | B44: WSL11095 | C44: W27B.BOP | D44: PENGGERAK WESEL W27B BOP | E44: SE | F44: Penggerak Wesel | G44: BOP | H44: 1+064 | I44: BOP | J44: Penggerak Wesel elektrik
A45: 7 | B45: WSL11096 | C45: W47D.BOP | D45: PENGGERAK WESEL W47D BOP | E45: SE | F45: Penggerak Wesel | G45: BOP | H45: 1+146 | I45: BOP | J45: Penggerak Wesel elektrik
A46: Penggerak Wesel Elektrik (7x2) = 14
A47: 1 | B47: SIN11711 | C47: UJ26B.BOP | D47: SINYAL ULANG JALAN UJ26B BOP | E47: SE | F47: Peraga Sinyal | G47: BOP | H47: 0+300 | I47: BOP | J47: Peraga Sinyal Elektrik
A48: 2 | B48: SIN11712 | C48: JL26A.BOP | D48: SINYAL KELUAR DAN LANGSIR JL26A BOP | E48: SE | F48: Peraga Sinyal | G48: BOP | H48: 0+324 | I48: BOP | J48: Peraga Sinyal Elektrik
A49: 3 | B49: SIN11713 | C49: JL46A.BOP | D49: SINYAL KELUAR DAN LANGSIR JL46A BOP | E49: SE | F49: Peraga Sinyal | G49: BOP | H49: 0+324 | I49: BOP | J49: Peraga Sinyal Elektrik
A50: 4 | B50: SIN11714 | C50: JL26B.BOP | D50: SINYAL KELUAR DAN LANGSIR JL26B BOP | E50: SE | F50: Peraga Sinyal | G50: BOP | H50: 0+584 | I50: BOP | J50: Peraga Sinyal Elektrik
A51: 5 | B51: SIN11715 | C51: JL46B.BOP | D51: SINYAL KELUAR DAN LANGSIR JL46B BOP | E51: SE | F51: Peraga Sinyal | G51: BOP | H51: 0+584 | I51: BOP | J51: Peraga Sinyal Elektrik
A52: 6 | B52: SIN11716 | C52: JL66B.BOP | D52: SINYAL KELUAR DAN LANGSIR JL66B BOP | E52: SE | F52: Peraga Sinyal | G52: BOP | H52: 0+584 | I52: BOP | J52: Peraga Sinyal Elektrik
A53: 7 | B53: SIN11717 | C53: L68.BOP | D53: SINYAL LANGSIR L68 BOP | E53: SE | F53: Peraga Sinyal | G53: BOP | H53: 0+670 | I53: BOP | J53: Peraga Sinyal Elektrik
A54: 8 | B54: SIN11718 | C54: L47A.BOP | D54: SINYAL LANGSIR L47A BOP | E54: SE | F54: Peraga Sinyal | G54: BOP | H54: 0+686 | I54: BOP | J54: Peraga Sinyal Elektrik
A55: 9 | B55: SIN11719 | C55: L47B.BOP | D55: SINYAL LANGSIR L47B BOP | E55: SE | F55: Peraga Sinyal | G55: BOP | H55: 0+980 | I55: BOP | J55: Peraga Sinyal Elektrik
A56: 10 | B56: SIN11720 | C56: L28.BOP | D56: SINYAL LANGSIR L28 BOP | E56: SE | F56: Peraga Sinyal | G56: BOP | H56: 1+158 | I56: BOP | J56: Peraga Sinyal Elektrik
A57: 11 | B57: SIN11721 | C57: J48.BOP | D57: SINYAL MASUK J48 BOP | E57: SE | F57: Peraga Sinyal | G57: BOP | H57: 1+506 | I57: BOP | J57: Peraga Sinyal Elektrik
A58: 12 | B58: SIN11722 | C58: J28.BOP | D58: SINYAL MASUK J28 BOP | E58: SE | F58: Peraga Sinyal | G58: BOP | H58: 1+506 | I58: BOP | J58: Peraga Sinyal Elektrik
... A60: 14 | B60: SIN11724 | C60: MJ48.BOP-BTT | D60: SINYAL MUKA MJ48 BOP - BTT | E60: SE | F60: Peraga Sinyal | G60: BOP | H60: 2+313 | I60: BOP | J60: Peraga Sinyal Elektrik
A61: Peraga Sinyal Elektrik = 14
A62: 1 | B62: JPL10487 | C62: TELEPON.JPL.04.BOP | D62: PESAWAT TELEPON JPL 04 BOP | E62: JPL | F62: Pintu Perlintasan | G62: BOP | H62: 0+534 | I62: BOP | J62: Telekomunikasi Di Pintu
A63: 2 | B63: JPL10498 | C63: JPLE.04.BOP | D63: JPL ELEKTRIK NO 04 BOP | E63: JPL | F63: Pintu Perlintasan | G63: BOP | H63: 0+534 | I63: BOP | J63: Pintu perlintasan
A64: 3 | B64: JPL10504 | C64: GENTANIK.JPL04.BOP | D64: GENTANIK JPL 04 BOP | E64: JPL | F64: Pintu Perlintasan | G64: BOP | H64: 0+534 | I64: BOO-BTT | J64: Telekomunikasi Di Pintu
A65: 4 | B65: TRA11348 | C65: OTB .FO. JPL04.BOO-BOP | D65: OTB FO JPL 04 BOO-BOP | E65: MEDIA | F65: OPTIK | G65: BOP | H65: 0+534 | I65: BOO | J65: Serat Optik
A66: Pintu Perlintasan = 1, PTPP = 2, Fiber Optik = 1
A67: 1 | B67: JPL10513 | C67: SENTRANIK.PPKA.BOP | D67: SENTRANIK PPKA BOP | E67: JPL | F67: PTDS | G67: BOP | H67: 0+450 | I67: BOO | J67: Telekomunikasi di Stasiun
A68: 2 | B68: TLK10744 | C68: PSW.TLP.PPKA.BOP | D68: PESAWAT TELEPON WARTA KA BOP | E68: TELP | F68: PTDS | G68: BOP | H68: 0+450 | I68: BOO | J68: Telekomunikasi di Stasiun
A69: 3 | B69: TLK10748 | C69: PSW.TLP.ER.SYL.BOP | D69: PESAWAT TELEPON ER SINYAL BOP | E69: TELP | F69: PTDS | G69: BOP | H69: 0+450 | I69: BOO | J69: Telekomunikasi di Stasiun
A70: 4 | B70: TLK10775 | C70: VC.BOP | D70: VOICE LOGGER WARTA KA BOP | E70: PT | F70: PTDS | G70: BOP | H70: 0+450 | I70: BOO | J70: Telekomunikasi di Stasiun
A71: 5 | B71: TLK10785 | C71: IP.PBX.BOP | D71: SENTRAL TELEPON ANTAR STASIUN BOP | E71: PABX | F71: PTDS | G71: BOP | H71: 0+450 | I71: BOO | J71: Telekomunikasi di Luar Stasiun
A72: 6 | B72: TLK10919 | C72: TELP.TOKA.PPKA.BOP | D72: PESAWAT TOKA BOP | E72: TELP | F72: PTDS | G72: BOP | H72: 0+412 | I72: BOO | J72: Telekomunikasi di Stasiun
A73: PTDS = 6+1 (WS Masuk PTDS 1BLN)
A74: 1 | B74: TRA11797 | C74: OTB.1.ER.BOP | D74: OTB 1 ER BOGOR PALEDANG | E74: MEDIA | F74: OPTIK | G74: BOP | H74: 0+450 | I74: BOO | J74: Serat Optik
A75: 2 | B75: TRA11831 | C75: OTB.2.ER.BOP | D75: OTB 2 ER BOGOR PALEDANG | E75: MEDIA | F75: OPTIK | G75: BOP | H75: 0+450 | I75: BOO | J75: Serat Optik
A76: 3 | B76: TRA11850 | C76: OTB.3.ER.BOP | D76: OTB 3 ER BOGOR PALEDANG | E76: MEDIA | F76: OPTIK | G76: BOP | H76: 0+450 | I76: BOO | J76: Serat Optik
A77: 4 | B77: TRA11864 | C77: OTB.4.ER.BOP | D77: OTB 4 ER BOGOR PALEDANG | E77: MEDIA | F77: OPTIK | G77: BOP | H77: 0+450 | I77: BOO | J77: Serat Optik
A78: 5 | B78: TRA11873 | C78: OTB.5.ER.BOP | D78: OTB 5 ER BOGOR PALEDANG | E78: MEDIA | F78: OPTIK | G78: BOP | H78: 0+450 | I78: BOO | J78: Serat Optik
A79: 6 | B79: TRA11882 | C79: OTB.6.ER.BOP | D79: OTB 6 ER BOGOR PALEDANG | E79: MEDIA | F79: OPTIK | G79: BOP | H79: 0+450 | I79: BOO | J79: Serat Optik
A80: Fiber Optik = 6
A81: 1 | B81: TLK10766 | C81: WS.S23.BOP | D81: WS S23 BOP | E81: TD | F81: WS 3 Bulanan | G81: BOP | H81: 0+412 | I81: BOO | J81: Waystation Analog
A82: Way Station 3 Bulanan = 1

Sheet BOP-BTT
A1: PETAK JALAN (BOP-BTT)
A3: No. | B3: Functional Loc. | C3: No. K A I | D3: Description | E3: Catalog profile | F3: Jenis Perawatan | G3: Lokasi | H3: KM. | I3: LOKASI P3 | J3: Kode Cheklist
A4: 1 | B4: JPL10488 | C4: TELEPON.JPL.07.BOP-BTT | D4: PESAWAT TELEPON JPL 07 BOP - BTT | E4: JPL | F4: Pintu Perlintasan | G4: BOP-BTT | H4: 2+358 | I4: BOP-BTT | J4: Telekomunikasi Di Pintu
A5: 2 | B5: JPL10489 | C5: TELEPON.JPL.BNR.BOP-BTT | D5: PESAWAT TELEPON JPL BNR BOP - BTT | E5: JPL | F5: Pintu Perlintasan | G5: BOP-BTT | H5: 2+875 | I5: BOP-BTT | J5: Telekomunikasi Di Pintu
A6: 3 | B6: JPL10499 | C6: JPLE.07.BOP-BTT | D6: JPL ELEKTRIK NO 07 BOP - BTT | E6: JPL | F6: Pintu Perlintasan | G6: BOP-BTT | H6: 2+358 | I6: BOP-BTT | J6: Pintu perlintasan
A7: 4 | B7: JPL10500 | C7: JPLE.BNR.BOP-BTT | D7: JPL ELEKTRIK BNR BOP - BTT | E7: JPL | F7: Pintu Perlintasan | G7: BOP-BTT | H7: 2+875 | I7: BOP-BTT | J7: Pintu perlintasan
A8: 5 | B8: JPL10505 | C8: GENTANIK.JPL07.BOP-BTT | D8: GENTANIK JPL 07 BOP - BTT | E8: JPL | F8: Pintu Perlintasan | G8: BOP-BTT | H8: 2+358 | I8: BOO-BTT | J8: Telekomunikasi Di Pintu
A9: 6 | B9: JPL10506 | C9: GENTANIK.JPLBNR.BOP-BTT | D9: GENTANIK JPL BNR BOP-BTT | E9: JPL | F9: Pintu Perlintasan | G9: BOP-BTT | H9: 2+875 | I9: BOO-BTT | J9: Telekomunikasi Di Pintu
A10: 7 | B10: TRA11349 | C10: OTB .FO. JPL07.BOO-BOP | D10: OTB FO JPL 07 BOO-BOP | E10: MEDIA | F10: Pintu Perlintasan | G10: BOP-BTT | H10: 2+358 | I10: BOO | J10: Serat Optik
A11: 8 | B11: TRA11350 | C11: OTB .FO. JPLBNR.BOO-BOP | D11: OTB FO JPL BNR BOO-BOP | E11: MEDIA | F11: Pintu Perlintasan | G11: BOP-BTT | H11: 2+875 | I11: BOO | J11: Serat Optik
A12: Pintu Perlintasan = 2, PTPP = 4, Fiber Optik = 2

Sheet BTT
A1: STASIUN BATUTULIS
A3: No. | B3: Functional Loc. | C3: No. K A I | D3: Description | E3: Catalog profile | F3: Jenis Perawatan | G3: Lokasi | H3: KM. | I3: LOKASI P3 | J3: Kode Cheklist
A4: 1 | B4: CDA10147 | C4: GST.ER.SYL.BTT | D4: GENSET ER SINYAL BTT | E4: CD | F4: Catu Daya | G4: BTT | H4: 4+378 | I4: BTT | J4: Catudaya (40 Baterai)
A5: 2 | B5: CDA10253 | C5: UPS.ER.SYL.BTT | D5: UPS ER SINYAL BTT | E5: CD | F5: Catu Daya | G5: BTT | H5: 4+378 | I5: BTT | J5: Catudaya (40 Baterai)
A6: 3 | B6: CDA10392 | C6: BATT.ER.SYL.BTT | D6: BATTERE ER SINYAL BTT | E6: CD | F6: Catu Daya | G6: BTT | H6: 4+378 | I6: BTT | J6: Catudaya (40 Baterai)
A7: Catu Daya = 3
A8: 1 | B8: AXL11526 | C8: AXC.ZP10A.BTT-BOP | D8: AXLE COUNTER ZP 10A BTT - BOP | E8: SE | F8: Deteksi KA | G8: BTT | H8: 2+932 | I8: BOO-BTT | J8: Deteksi KA (Frauscher)
A9: 2 | B9: AXL11527 | C9: AXC.ZP20A.BTT-BOP | D9: AXLE COUNTER ZP 20A BTT - BOP | E9: SE | F9: Deteksi KA | G9: BTT | H9: 2+932 | I9: BOO-BTT | J9: Deteksi KA (Frauscher)
A10: 3 | B10: AXL11528 | C10: AXC.ZP10B.BTT | D10: AXLE COUNTER ZP 10B BTT | E10: SE | F10: Deteksi KA | G10: BTT | H10: 3+987 | I10: BTT | J10: Deteksi KA (Frauscher)
A11: 4 | B11: AXL11529 | C11: AXC.ZP20B.BTT | D11: AXLE COUNTER ZP 20B BTT | E11: SE | F11: Deteksi KA | G11: BTT | H11: 3+987 | I11: BTT | J11: Deteksi KA (Frauscher)
A12: 5 | B12: AXL11530 | C12: AXC.ZP12A.BTT | D12: AXLE COUNTER ZP 12A BTT | E12: SE | F12: Deteksi KA | G12: BTT | H12: 4+328 | I12: BTT | J12: Deteksi KA (Frauscher)
A13: 6 | B13: AXL11531 | C13: AXC.ZP22A.BTT | D13: AXLE COUNTER ZP 22A BTT | E13: SE | F13: Deteksi KA | G13: BTT | H13: 4+328 | I13: BTT | J13: Deteksi KA (Frauscher)
A14: 7 | B14: AXL11532 | C14: AXC.ZP12B.BTT | D14: AXLE COUNTER ZP 12B BTT | E14: SE | F14: Deteksi KA | G14: BTT | H14: 4+612 | I14: BTT | J14: Deteksi KA (Frauscher)
A15: 8 | B15: AXL11533 | C15: AXC.ZP22B.BTT | D15: AXLE COUNTER ZP 22B BTT | E15: SE | F15: Deteksi KA | G15: BTT | H15: 4+612 | I15: BTT | J15: Deteksi KA (Frauscher)
A16: 9 | B16: AXL11534 | C16: AXC.ZP14A.BTT | D16: AXLE COUNTER ZP 14A BTT | E16: SE | F16: Deteksi KA | G16: BTT | H16: 4+892 | I16: BTT | J16: Deteksi KA (Frauscher)
A17: 10 | B17: AXL11535 | C17: AXC.ZP24A.BTT | D17: AXLE COUNTER ZP 24A BTT | E17: SE | F17: Deteksi KA | G17: BTT | H17: 4+892 | I17: BTT | J17: Deteksi KA (Frauscher)
A18: 11 | B18: AXL11538 | C18: AXC.ZP14B.BTT-MSG | D18: AXLE COUNTER ZP 14B BTT - MSG | E18: SE | F18: Deteksi KA | G18: BTT | H18: 6+006 | I18: BTT-MSG | J18: Deteksi KA (Frauscher)
A19: 12 | B19: AXL11539 | C19: AXC.ZP24B.MSG-BTT | D19: AXLE COUNTER ZP 24B MSG - BTT | E19: SE | F19: Deteksi KA | G19: BTT | H19: 6+006 | I19: BTT-MSG | J19: Deteksi KA (Frauscher)
A20: Deteksi KA = 12
A21: 1 | B21: JPL10514 | C21: SENTRANIK.PPKA.BTT | D21: SENTRANIK PPKA BTT | E21: JPL | F21: PDSE | G21: BTT | H21: 4+378 | I21: BTT | J21: Peralatan dalam sinyal elektrik
A22: 2 | B22: INB10516 | C22: PC.VDU.BTT | D22: PANEL PELAYANAN VDU BTT | E22: SE | F22: PDSE | G22: BTT | H22: 4+361 | I22: BTT | J22: Peralatan dalam sinyal elektrik
A23: 3 | B23: INB10521 | C23: IL.SIL.SAFE4000.BTT | D23: INTERLOCKING SIL SAFE 4000 BTT | E23: SE | F23: PDSE | G23: BTT | H23: 4+378 | I23: BTT | J23: Peralatan dalam sinyal elektrik
A24: 4 | B24: INB10532 | C24: DL.BTT | D24: DATA LOGGER BTT | E24: SE | F24: PDSE | G24: BTT | H24: 4+378 | I24: BTT | J24: Peralatan dalam sinyal elektrik
A25: 5 | B25: TLK10309 | C25: PRLTN.BLOK.BTT-MSG | D25: PERALATAN BLOK BTT - MSG | E25: SE | F25: PDSE | G25: BTT | H25: 4+378 | I25: BTT | J25: Peralatan dalam sinyal elektrik
A26: 6 | B26: TLK10310 | C26: PRLTN.BLOK.BTT-BOP | D26: PERALATAN BLOK BTT - BOP | E26: SE | F26: PDSE | G26: BTT | H26: 4+378 | I26: BTT | J26: Peralatan dalam sinyal elektrik
A27: 7 | B27: TRA11229 | C27: BANG.ER.SYL.BTT | D27: BANGUNAN ER SINYAL BTT | E27: BANG | F27: PDSE | G27: BTT | H27: 4+378 | I27: BTT | J27: Peralatan dalam sinyal elektrik
A28: 8 | B28: TRA11573 | C28: BANG.ER.BTT | D28: BANGUNAN ER TELKOM BTT | E28: BANG | F28: PTDS | G28: BTT | H28: 4+378 | I28: BTT | J28: Peralatan dalam sinyal elektrik
A29: PDSE = 8
A30: 1 | B30: SIN11725 | C30: J10.BTT | D30: SINYAL MASUK J10 BTT | E30: SE | F30: Peraga Sinyal | G30: BTT | H30: 3+980 | I30: BOO-BTT | J30: Peraga Sinyal Elektrik
A31: 2 | B31: SIN11726 | C31: J20.BTT | D31: SINYAL MASUK J20 BTT | E31: SE | F31: Peraga Sinyal | G31: BTT | H31: 3+980 | I31: BOO-BTT | J31: Peraga Sinyal Elektrik
A32: 3 | B32: SIN11727 | C32: J14.BTT | D32: SINYAL MASUK J14 BTT | E32: SE | F32: Peraga Sinyal | G32: BTT | H32: 4+896 | I32: BTT | J32: Peraga Sinyal Elektrik
A33: 4 | B33: SIN11728 | C33: J24.BTT | D33: SINYAL MASUK J24 BTT | E33: SE | F33: Peraga Sinyal | G33: BTT | H33: 4+896 | I33: BTT | J33: Peraga Sinyal Elektrik
A34: 5 | B34: SIN11729 | C34: J12A.BTT | D34: SINYAL KELUAR J12A BTT | E34: SE | F34: Peraga Sinyal | G34: BTT | H34: 4+333 | I34: BTT | J34: Peraga Sinyal Elektrik
A35: 6 | B35: SIN11730 | C35: J22A.BTT | D35: SINYAL KELUAR J22A BTT | E35: SE | F35: Peraga Sinyal | G35: BTT | H35: 4+333 | I35: BTT | J35: Peraga Sinyal Elektrik
A36: 7 | B36: SIN11731 | C36: J12B.BTT | D36: SINYAL KELUAR J12B BTT | E36: SE | F36: Peraga Sinyal | G36: BTT | H36: 4+607 | I36: BTT | J36: Peraga Sinyal Elektrik
A37: 8 | B37: SIN11732 | C37: J22B.BTT | D37: SINYAL KELUAR J22B BTT | E37: SE | F37: Peraga Sinyal | G37: BTT | H37: 4+607 | I37: BTT | J37: Peraga Sinyal Elektrik
A38: 9 | B38: SIN11733 | C38: MJ10.BOP-BTT | D38: SINYAL MUKA MJ10 BOP - BTT | E38: SE | F38: Peraga Sinyal | G38: BTT | H38: 3+132 | I38: BTT | J38: Peraga Sinyal Elektrik
A39: 10 | B39: SIN11734 | C39: MJ20.BOP-BTT | D39: SINYAL MUKA MJ20 BOP - BTT | E39: SE | F39: Peraga Sinyal | G39: BTT | H39: 3+132 | I39: BTT | J39: Peraga Sinyal Elektrik
A40: 11 | B40: SIN11735 | C40: MJ14.MSG-BTT | D40: SINYAL MUKA MJ14 MSG - BTT | E40: SE | F40: Peraga Sinyal | G40: BTT | H40: 5+806 | I40: BTT-MSG | J40: Peraga Sinyal Elektrik
A41: 12 | B41: SIN11736 | C41: MJ24.MSG-BTT | D41: SINYAL MUKA MJ24 MSG - BTT | E41: SE | F41: Peraga Sinyal | G41: BTT | H41: 5+806 | I41: BTT-MSG | J41: Peraga Sinyal Elektrik
A42: Peraga Sinyal Elektrik = 12
A43: 1 | B43: JPL10491 | C43: TELEPON.JPL.11.BTT | D43: PESAWAT TELEPON JPL 11 BTT | E43: JPL | F43: Pintu Perlintasan | G43: BTT | H43: 4+741 | I43: BTT | J43: Telekomunikasi Di Pintu
A44: 2 | B44: JPL10502 | C44: JPLE.11.BTT | D44: JPL ELEKTRIK NO 11 BTT | E44: JPL | F44: Pintu Perlintasan | G44: BTT | H44: 4+741 | I44: BTT | J44: Pintu perlintasan
A45: 3 | B45: JPL10508 | C45: GENTANIK.JPL11.BTT | D45: GENTANIK JPL 11 BTT | E45: JPL | F45: Pintu Perlintasan | G45: BTT | H45: 4+741 | I45: BTT | J45: Telekomunikasi Di Pintu
A46: 4 | B46: TRA11353 | C46: OTB.FO.JPL11.BTT | D46: OTB FO JPL 11 BTT | E46: MEDIA | F46: Pintu Perlintasan | G46: BTT | H46: 4+741 | I46: BTT | J46: Serat Optik
A47: Pintu Perlintasan = 1, PTPP = 2, Fiber Optik = 1
A48: 1 | B48: TLK10670 | C48: TELP.TOKA.BTT | D48: PESAWAT TOKA BTT | E48: TELP | F48: PTDS | G48: BTT | H48: 4+361 | I48: BTT | J48: Telekomunikasi di Stasiun
A49: 2 | B49: TLK10745 | C49: PSW.TLP.PPKA.BTT | D49: PESAWAT TELEPON WARTA KA BTT | E49: TELP | F49: PTDS | G49: BTT | H49: 4+378 | I49: BTT | J49: Telekomunikasi di Stasiun
A50: 3 | B50: TLK10749 | C50: PSW.TLP.ER.SYL.BTT | D50: PESAWAT TELEPON ER SINYAL BTT | E50: TELP | F50: PTDS | G50: BTT | H50: 4+378 | I50: BTT | J50: Telekomunikasi di Stasiun
A51: 4 | B51: TLK10776 | C51: VC.BTT | D51: VOICE LOGGER WARTA KA BTT | E51: PT | F51: PTDS | G51: BTT | H51: 4+378 | I51: BTT | J51: Telekomunikasi di Stasiun
A52: PTDS = 5 (WS Masuk PTDS 1BLN)
A53: 1 | B53: TLK10784 | C53: IP.PBX.BTT | D53: SENTRAL TELEPON ANTAR STASIUN BTT | E53: PABX | F53: PTDS | G53: BTT | H53: 4+378 | I53: BTT | J53: Telekomunikasi di Luar Stasiun
A54: 2 | B54: TLK10920 | C54: FO.MUX.BTT | D54: MULTIPLEX BTT | E54: PT | F54: PTDS | G54: BTT | H54: 4+400 | I54: BTT-MSG | J54: Telekomunikasi di Luar Stasiun
A55: PTLS = 2
A56: 1 | B56: TRA11795 | C56: OTB.1.ER.BTT | D56: OTB 1 ER BATU TULIS | E56: MEDIA | F56: OPTIK | G56: BTT | H56: 4+378 | I56: BTT | J56: Serat Optik
A57: 2 | B57: TRA11829 | C57: OTB.2.ER.BTT | D57: OTB 2 ER BATU TULIS | E57: MEDIA | F57: OPTIK | G57: BTT | H57: 4+378 | I57: BTT | J57: Serat Optik
A58: 3 | B58: TRA11848 | C58: OTB.3.ER.BTT | D58: OTB 3 ER BATU TULIS | E58: MEDIA | F58: OPTIK | G58: BTT | H58: 4+378 | I58: BTT | J58: Serat Optik
A59: 4 | B59: TRA11862 | C59: OTB.4.ER.BTT | D59: OTB 4 ER BATU TULIS | E59: MEDIA | F59: OPTIK | G59: BTT | H59: 4+378 | I59: BTT | J59: Serat Optik
A60: 5 | B60: TRA11871 | C60: OTB.5.ER.BTT | D60: OTB 5 ER BATU TULIS | E60: MEDIA | F60: OPTIK | G60: BTT | H60: 4+378 | I60: BTT | J60: Serat Optik
A61: 6 | B61: TRA11880 | C61: OTB.6.ER.BTT | D61: OTB 6 ER BATU TULIS | E61: MEDIA | F61: OPTIK | G61: BTT | H61: 4+378 | I61: BTT | J61: Serat Optik
A62: Fiber Optik Sinyal = 6
A63: 1 | B63: TRA11802 | C63: OTB.1.ER.TLK.BTT | D63: OTB 1 ER TELKOM BATU TULIS | E63: MEDIA | F63: OPTIK | G63: BTT | H63: 4+378 | I63: BTT | J63: Serat Optik
A64: 2 | B64: TRA11837 | C64: OTB.2.ER.TLK.BTT | D64: OTB 2 ER TELKOM BATU TULIS | E64: MEDIA | F64: OPTIK | G64: BTT | H64: 4+378 | I64: BTT | J64: Serat Optik
A65: 3 | B65: TRA11855 | C65: OTB.3.ER.TLK.BTT | D65: OTB 3 ER TELKOM BATU TULIS | E65: MEDIA | F65: OPTIK | G65: BTT | H65: 4+378 | I65: BTT | J65: Serat Optik
A66: Fiber Optik Telkom = 3
A67: 1 | B67: TLK10986 | C67: WS.S23.BTT | D67: WS S23 BTT | E67: TD | F67: WS 3 Bulanan | G67: BTT | H67: 4+361 | I67: BTT | J67: Waystation Analog
A68: Way Station 3 Bulanan = 1

Sheet COS
A1: STASIUN IB CIOMAS
A3: No. | B3: Functional Loc. | C3: No. K A I | D3: Description | E3: Catalog profile | F3: Jenis Perawatan | G3: Lokasi | H3: KM. | I3: LOKASI P3 | J3: Kode Cheklist
A4: 1 | B4: CDA10137 | C4: GST.ER.RADIO.COS | D4: GENSET ER RADIO CS | E4: CD | F4: Catu Daya | G4: COS | H4: 9+445 | I4: COS | J4: Catudaya (10 Baterai)
A5: 2 | B5: CDA10247 | C5: UPS.ER.RADIO.COS | D5: UPS ER RADIO CS | E5: CD | F5: Catu Daya | G5: COS | H5: 9+445 | I5: COS | J5: Catudaya (10 Baterai)
A6: 3 | B6: CDA10333 | C6: BATT.ER.RADIO.COS | D6: BATTERE BANK ER RADIO CS | E6: CD | F6: Catu Daya | G6: COS | H6: 9+445 | I6: COS | J6: Catudaya (10 Baterai) | L6: =COUNTA(J4:J44) -> 32
A7: 4 | B7: CDA10150 | C7: GST.ER.SYL.IB.COM | D7: GENSET ER SINYAL CS | E7: CD | F7: Catu Daya | G7: COS | H7: 9+445 | I7: COS | J7: Catudaya (40 Baterai)
A8: 5 | B8: CDA10256 | C8: UPS.ER.SYL.IB.COM | D8: UPS ER SINYAL CS | E8: CD | F8: Catu Daya | G8: COS | H8: 9+445 | I8: COS | J8: Catudaya (40 Baterai)
A9: 6 | B9: CDA10394 | C9: BATT.ER.SYL.IB.COM | D9: BATTERE ER SINYAL CS | E9: CD | F9: Catu Daya | G9: COS | H9: 9+445 | I9: COS | J9: Catudaya (40 Baterai)
A10: Catu Daya = 6
A11: =A9+1 -> 7 | B11: AXL11536 | C11: AXC.ZP101A.BTT-MSG | D11: AXLE COUNTER ZP 101A BTT - MSG | E11: SE | F11: Deteksi KA | G11: COS | H11: 8+183 | I11: BTT-MSG | J11: Deteksi KA (Frauscher)
A12: =A11+1 -> 8 | B12: AXL11537 | C12: AXC.ZP101B.BTT-MSG | D12: AXLE COUNTER ZP 101B BTT - MSG | E12: SE | F12: Deteksi KA | G12: COS | H12: 9+388 | I12: BTT-MSG | J12: Deteksi KA (Frauscher)
A13: =A12+1 -> 9 | B13: AXL11540 | C13: AXC.ZP201A.MSG-BTT | D13: AXLE COUNTER ZP 201A MSG - BTT | E13: SE | F13: Deteksi KA | G13: COS | H13: 9+076 | I13: BTT-MSG | J13: Deteksi KA (Frauscher)
A14: =A13+1 -> 10 | B14: AXL11541 | C14: AXC.ZP201B.MSG-BTT | D14: AXLE COUNTER ZP 201B MSG - BTT | E14: SE | F14: Deteksi KA | G14: COS | H14: 10+276 | I14: BTT-MSG | J14: Deteksi KA (Frauscher)
A15: Deteksi KA = 4
A16: =A14+1 -> 11 | B16: INB10523 | C16: IB.SIL.SAFE4000.COS | D16: INTERMEDIATE BLOK SIL SAFE 4000 COS | E16: SE | F16: PDSE | G16: COS | H16: 9+470 | I16: COS | J16: Peralatan dalam sinyal elektrik
A17: =A16+1 -> 12 | B17: TRA11230 | C17: BANG.ER.IB.SYL.COS | D17: BANGUNAN ER IB SINYAL COS | E17: BANG | F17: PTLS | G17: COS | H17: 9+445 | I17: COS | J17: Peralatan dalam sinyal elektrik
A18: =A17+1 -> 13 | B18: TRA11231 | C18: BANG.ER.RADIO.COS | D18: BANGUNAN ER RADIO COS | E18: BANG | F18: PTLS | G18: COS | H18: 9+442 | I18: COS | J18: Peralatan dalam sinyal elektrik
A19: PDSE = 3
A20: =A18+1 -> 14 | B20: SIN11737 | C20: B101.BTT-MSG | D20: SINYAL BLOK B101 BTT - MSG | E20: SE | F20: Peraga Sinyal | G20: COS | H20: 9+383 | I20: BTT-MSG | J20: Peraga Sinyal Elektrik
A21: =A20+1 -> 15 | B21: SIN11738 | C21: B201.MSG-BTT | D21: SINYAL BLOK B201 MSG - BTT | E21: SE | F21: Peraga Sinyal | G21: COS | H21: 9+081 | I21: BTT-MSG | J21: Peraga Sinyal Elektrik
A22: =A21+1 -> 16 | B22: SIN11739 | C22: MB101.BTT-MSG | D22: SINYAL MUKA BLOK MB101 BTT - MSG | E22: SE | F22: Peraga Sinyal | G22: COS | H22: 8+383 | I22: BTT-MSG | J22: Peraga Sinyal Elektrik
A23: =A22+1 -> 17 | B23: SIN11740 | C23: MB201.MSG-BTT | D23: SINYAL MUKA BLOK MB201 MSG - BTT | E23: SE | F23: Peraga Sinyal | G23: COS | H23: 10+090 | I23: BTT-MSG | J23: Peraga Sinyal Elektrik
A24: Peraga Sinyal Elektrik = 4
A25: =A23+1 -> 18 | B25: TLK10750 | C25: PSW.TLP.ER.IB.COS | D25: PESAWAT TELEPON ER IB COS | E25: TELP | F25: PTDS | G25: COS | H25: 9+445 | I25: COS | J25: Telekomunikasi di Stasiun
A26: =A25+1 -> 19 | B26: TLK10770 | C26: IP.PHONE.ER.RADIO.COS | D26: PESAWAT TELEPON ER RADIO CIOMAS | E26: TELP | F26: PTDS | G26: COS | H26: 9+445 | I26: COS | J26: Telekomunikasi di Stasiun
A27: PTDS = 2
A28: =A26+1 -> 20 | B28: TLK10773 | C28: MUX.FO.COS | D28: MULTIPLEX RADIO CIOMAS | E28: PT | F28: PTLS | G28: COS | H28: 9+445 | I28: COS | J28: Telekomunikasi di Luar Stasiun
A29: =A28+1 -> 21 | B29: TLK10939 | C29: MUX.FO.COM | D29: MULTIPLEX CS | E29: PT | F29: PTLS | G29: COS | H29: 9+445 | I29: COS | J29: Telekomunikasi di Luar Stasiun
A30: =A29+1 -> 22 | B30: TWR10052 | C30: TWR.RAD.COS | D30: TOWER RADIO CIOMAS | E30: TOWER | F30: PTLS | G30: COS | H30: 9+445 | I30: COS | J30: Telekomunikasi di Luar Stasiun
A31: =A30+1 -> 23 | B31: TRA11232 | C31: BANG.R.COS | D31: BANGUNAN TOWER COS | E31: BANG | F31: PTLS | G31: COS | H31: 9+442 | I31: DIHAPUS
A32: PTLS = 3
A33: =A31+1 -> 24 | B33: TRA11800 | C33: OTB.1.ER.CS | D33: OTB 1 ER CIOMAS | E33: MEDIA | F33: OPTIK | G33: COS | H33: 9+445 | I33: COS | J33: Serat Optik
A34: =A33+1 -> 25 | B34: TRA11834 | C34: OTB.2.ER.CS | D34: OTB 2 ER CIOMAS | E34: MEDIA | F34: OPTIK | G34: COS | H34: 9+445 | I34: COS | J34: Serat Optik
A35: =A34+1 -> 26 | B35: TRA11853 | C35: OTB.3.ER.CS | D35: OTB 3 ER CIOMAS | E35: MEDIA | F35: OPTIK | G35: COS | H35: 9+445 | I35: COS | J35: Serat Optik
A36: =A35+1 -> 27 | B36: TRA11867 | C36: OTB.4.ER.CS | D36: OTB 4 ER CIOMAS | E36: MEDIA | F36: OPTIK | G36: COS | H36: 9+445 | I36: COS | J36: Serat Optik
A37: =A36+1 -> 28 | B37: TRA11876 | C37: OTB.5.ER.CS | D37: OTB 5 ER CIOMAS | E37: MEDIA | F37: OPTIK | G37: COS | H37: 9+445 | I37: COS | J37: Serat Optik
A38: =A37+1 -> 29 | B38: TRA11885 | C38: OTB.6.ER.CS | D38: OTB 6 ER CIOMAS | E38: MEDIA | F38: OPTIK | G38: COS | H38: 9+445 | I38: COS | J38: Serat Optik
B39: Fiber Optik Sinyal = 6
A40: =A38+1 -> 30 | B40: TRA11805 | C40: OTB.1.ER.TLK.CS | D40: OTB 1 ER TELKOM CIOMAS | E40: MEDIA | F40: OPTIK | G40: COS | H40: 9+445 | I40: COS | J40: Serat Optik
A41: =A40+1 -> 31 | B41: TRA11840 | C41: OTB.2.ER.TLK.CS | D41: OTB 2 ER TELKOM CIOMAS | E41: MEDIA | F41: OPTIK | G41: COS | H41: 9+445 | I41: COS | J41: Serat Optik
A42: =A41+1 -> 32 | B42: TRA11858 | C42: OTB.3.ER.TLK.CS | D42: OTB 3 ER TELKOM CIOMAS | E42: MEDIA | F42: OPTIK | G42: COS | H42: 9+445 | I42: COS | J42: Serat Optik
A43: Fiber Optik Telkom = 3
A44: =A42+1 -> 33 | B44: TLK10767 | C44: REPEATER.BS.S23.COS | D44: REPEATER BASE S23 COS | E44: TD | F44: Base 6 Bulanan | G44: COS | H44: 9+445 | I44: COS | J44: Basestation Analog
A45: Base Station 6 Bulanan = 1

Sheet MSG
A1: STASIUN MASENG
A3: No. | B3: Functional Loc. | C3: No. K A I | D3: Description | E3: Catalog profile | F3: Jenis Perawatan | G3: Lokasi | H3: KM.
A4: 1 | B4: CDA10154 | C4: GST.ER.SYL.MSG | D4: GENSET ER SINYAL MSG | E4: CD | F4: Catu Daya | G4: MSG | H4: 14+096
A5: 2 | B5: CDA10260 | C5: UPS.ER.SYL.MSG | D5: UPS ER SINYAL MSG | E5: CD | F5: Catu Daya | G5: MSG | H5: 14+096
A6: 3 | B6: CDA10396 | C6: BATT.ER.SYL.MSG | D6: BATTERE ER SINYAL MSG | E6: CD | F6: Catu Daya | G6: MSG | H6: 14+096
A7: Catu Daya = 1
A8: 1 | B8: AXL11563 | C8: AXC.ZP10A.BTT-MSG | D8: AXLE COUNTER ZP 10A BTT - MSG | E8: SE | F8: Deteksi KA | G8: MSG | H8: 12+485
A9: 2 | B9: AXL11564 | C9: AXC.ZP20A.BTT-MSG | D9: AXLE COUNTER ZP 20A BTT - MSG | E9: SE | F9: Deteksi KA | G9: MSG | H9: 12+485
A10: 15 | B10: AXL11577 | C10: AXC.ZP14B.MSG | D10: AXLE COUNTER ZP 14B MSG | E10: SE | F10: Deteksi KA | G10: MSG | H10: 14+705
A11: 16 | B11: AXL11578 | C11: AXC.ZP24B.MSG | D11: AXLE COUNTER ZP 24B MSG | E11: SE | F11: Deteksi KA | G11: MSG | H11: 14+705
A12: 17 | B12: AXL11579 | C12: AXC.ZP14C.CCR-MSG | D12: AXLE COUNTER ZP 14C CCR - MSG | E12: SE | F12: Deteksi KA | G12: MSG | H12: 15+910
A13: 18 | B13: AXL11580 | C13: AXC.ZP24C.CCR-MSG | D13: AXLE COUNTER ZP 24C CCR - MSG | E13: SE | F13: Deteksi KA | G13: MSG | H13: 15+910
A14: Deteksi KA 1 = 6
A15: 3 | B15: AXL11565 | C15: AXC.ZP10B.MSG | D15: AXLE COUNTER ZP 10B MSG | E15: SE | F15: Deteksi KA | G15: MSG | H15: 13+690
A16: 4 | B16: AXL11566 | C16: AXC.ZP20B.MSG | D16: AXLE COUNTER ZP 20B MSG | E16: SE | F16: Deteksi KA | G16: MSG | H16: 13+690
A17: 5 | B17: AXL11567 | C17: AXC.ZP10C.MSG | D17: AXLE COUNTER ZP 10C MSG | E17: SE | F17: Deteksi KA | G17: MSG | H17: 13+830
A18: 6 | B18: AXL11568 | C18: AXC.ZP20C.MSG | D18: AXLE COUNTER ZP 20C MSG | E18: SE | F18: Deteksi KA | G18: MSG | H18: 13+830
A19: 7 | B19: AXL11569 | C19: AXC.ZP11.MSG | D19: AXLE COUNTER ZP 11 MSG | E19: SE | F19: Deteksi KA | G19: MSG | H19: 13+870
A20: 8 | B20: AXL11570 | C20: AXC.ZP12A.MSG | D20: AXLE COUNTER ZP 12A MSG | E20: SE | F20: Deteksi KA | G20: MSG | H20: 13+909
A21: 9 | B21: AXL11571 | C21: AXC.ZP22A.MSG | D21: AXLE COUNTER ZP 22A MSG | E21: SE | F21: Deteksi KA | G21: MSG | H21: 13+909
A22: 10 | B22: AXL11572 | C22: AXC.ZP12B.MSG | D22: AXLE COUNTER ZP 12B MSG | E22: SE | F22: Deteksi KA | G22: MSG | H22: 14+495
A23: 11 | B23: AXL11573 | C23: AXC.ZP22B.MSG | D23: AXLE COUNTER ZP 22B MSG | E23: SE | F23: Deteksi KA | G23: MSG | H23: 14+495
A24: 12 | B24: AXL11574 | C24: AXC.ZP13.MSG | D24: AXLE COUNTER ZP 13 MSG | E24: SE | F24: Deteksi KA | G24: MSG | H24: 14+555
A25: 13 | B25: AXL11575 | C25: AXC.ZP14A.MSG | D25: AXLE COUNTER ZP 14A MSG | E25: SE | F25: Deteksi KA | G25: MSG | H25: 14+615
A26: 14 | B26: AXL11576 | C26: AXC.ZP24A.MSG | D26: AXLE COUNTER ZP 24A MSG | E26: SE | F26: Deteksi KA | G26: MSG | H26: 14+615
A27: Deteksi KA 2 = 12
A28: 1 | B28: INB10517 | C28: PC.VDU.1.MSG | D28: PANEL PELAYANAN VDU 1 MSG | E28: SE | F28: PDSE | G28: MSG | H28: 14+096
A29: 2 | B29: INB10518 | C29: PC.VDU.2.MSG | D29: PANEL PELAYANAN VDU 2 MSG | E29: SE | F29: PDSE | G29: MSG | H29: 14+096
A30: 3 | B30: INB10522 | C30: IL.SIL.SAFE4000.MSG | D30: INTERLOCKING SIL SAFE 4000 MSG | E30: SE | F30: PDSE | G30: MSG | H30: 14+096
A31: 4 | B31: INB10533 | C31: DL.MSG | D31: DATA LOGGER MSG | E31: SE | F31: PDSE | G31: MSG | H31: 14+096
A32: 5 | B32: INB10642 | C32: PRLTN.BLOK.MSG -CCR | D32: PERALATAN BLOK MSG-CCR | E32: SE | F32: PDSE | G32: MSG | H32: 14+096
A33: 6 | B33: INB10710 | C33: BLOK.MSG -BTT | D33: PERALATAN BLOK MSG-BTT | E33: SE | F33: PDSE | G33: MSG | H33: 14+096
A34: 7 | B34: TRA11233 | C34: BANG.ER.MSG. | D34: BANGUNAN ER SINYAL MSG | E34: BANG | F34: PDSE | G34: MSG | H34: 14+096
A35: PDSE = 1
A36: 1 | B36: WSL11097 | C36: W11.MSG | D36: PENGGERAK WESEL W11 MSG | E36: SE | F36: Penggerak Wesel | G36: MSG | H36: 13+835
A37: 2 | B37: WSL11098 | C37: W21.MSG | D37: PENGGERAK WESEL W21 MSG | E37: SE | F37: Penggerak Wesel | G37: MSG | H37: 13+904
A38: 3 | B38: WSL11099 | C38: W23.MSG | D38: PENGGERAK WESEL W23 MSG | E38: SE | F38: Penggerak Wesel | G38: MSG | H38: 14+500
A39: 4 | B39: WSL11100 | C39: W13.MSG | D39: PENGGERAK WESEL W13 MSG | E39: SE | F39: Penggerak Wesel | G39: MSG | H39: 14+610
A40: Penggerak Wesel Elektrik (4x2) = 8
A41: 1 | B41: SIN11741 | C41: MJ10.BTT-MSG | D41: SINYAL MUKA MJ10 BTT - MSG | E41: SE | F41: Peraga Sinyal | G41: MSG | H41: 12+685
A42: 2 | B42: SIN11742 | C42: MJ20.BTT-MSG | D42: SINYAL MUKA MJ20 BTT - MSG | E42: SE | F42: Peraga Sinyal | G42: MSG | H42: 12+685
A43: 12 | B43: SIN11752 | C43: MJ14.CCR-MSG | D43: SINYAL MUKA MJ14 CCR - MSG | E43: SE | F43: Peraga Sinyal | G43: MSG | H43: 15+710
A44: 13 | B44: SIN11755 | C44: MJ24.CCR-MSG | D44: SINYAL MUKA MJ24 CCR - MSG | E44: SE | F44: Peraga Sinyal | G44: MSG | H44: 15+710
A45: 8 | B45: SIN11748 | C45: J14.MSG | D45: SINYAL MASUK J14 MSG | E45: SE | F45: Peraga Sinyal | G45: MSG | H45: 14+710
A46: 9 | B46: SIN11749 | C46: J24.MSG | D46: SINYAL MASUK J24 MSG | E46: SE | F46: Peraga Sinyal | G46: MSG | H46: 14+710
A47: Peraga Sinyal Elektrik 1 = 6
A48: 3 | B48: SIN11743 | C48: J10.MSG | D48: SINYAL MASUK J10 MSG | E48: SE | F48: Peraga Sinyal | G48: MSG | H48: 13+685
A49: 4 | B49: SIN11744 | C49: J20.MSG | D49: SINYAL MASUK J20 MSG | E49: SE | F49: Peraga Sinyal | G49: MSG | H49: 13+685
A50: 5 | B50: SIN11745 | C50: J22A.MSG | D50: SINYAL KELUAR J22A MSG | E50: SE | F50: Peraga Sinyal | G50: MSG | H50: 13+914
A51: 6 | B51: SIN11746 | C51: J22B.MSG | D51: SINYAL KELUAR J22B MSG | E51: SE | F51: Peraga Sinyal | G51: MSG | H51: 14+490
A52: 7 | B52: SIN11747 | C52: J12B.MSG | D52: SINYAL KELUAR J12B MSG | E52: SE | F52: Peraga Sinyal | G52: MSG | H52: 14+490
A53: 10 | B53: SIN11750 | C53: UJ22B.MSG | D53: SINYAL ULANG JALAN UJ22B MSG | E53: SE | F53: Peraga Sinyal | G53: MSG | H53: 14+256
A54: 11 | B54: SIN11751 | C54: UJ12B.MSG | D54: SINYAL ULANG JALAN UJ12 MSG | E54: SE | F54: Peraga Sinyal | G54: MSG | H54: 14+256
A55: Peraga Sinyal Elektrik 2 = 7
A56: 1 | B56: TLK10313 | C56: PRT.TLP..BLOK.MSG | D56: VOICE LOGGER 1 BLOK MSG | E56: PT | F56: PTDS | G56: MSG
A57: 1 | B57: TLK10314 | C57: RIG.PPKA.MSG | D57: RIG MSG | E57: PT | F57: PTDS | G57: MSG | H57: 14+096
A58: 2 | B58: TLK10316 | C58: PBX.MASENG | D58: SENTRAL TELEPON ANTAR STASIUN MSG | E58: PABX | F58: PTLS | G58: MSG | H58: 14+096
A59: 3 | B59: TLK10671 | C59: TELP.TOKA.MSG | D59: PESAWAT TOKA MSG | E59: TELP | F59: PTDS | G59: MSG | H59: 14+096
A60: 4 | B60: TLK10746 | C60: PSW.TLP.PPKA.MSG | D60: PESAWAT TELEPON WARTA KA MSG | E60: TELP | F60: PTDS | G60: MSG | H60: 14+096
A61: 5 | B61: JPL10515 | C61: SENTRANIK.PPKA.MSG | D61: SENTRANIK PPKA MSG | E61: JPL | F61: PDSE | G61: MSG | H61: 14+096
A62: 6 | B62: TLK10751 | C62: PSW.TLP.ER.SYL.MSG | D62: PESAWAT TELEPON ER MSG | E62: TELP | F62: PTDS | G62: MSG | H62: 14+096
A63: 7 | B63: TLK10777 | C63: VC.MSG | D63: VOICE LOGGER WARTA KA MSG | E63: PT | F63: PTDS | G63: MSG | H63: 14+096
A64: 8 | B64: TRA10132 | C64: MUX.FO.MSG | D64: MULTIPLEX MSG | E64: PT | F64: PTLS | G64: MSG | H64: 14+096
A65: 9 | B65: TRA11579 | C65: BANG.ER.MSG | D65: BANGUNAN ER TELKOM MSG | E65: BANG | F65: PTLS | G65: MSG | H65: 14+096
A66: 10 | B66: TRA11801 | C66: OTB.1.ER.MSG | D66: OTB 1 ER MASENG | E66: MEDIA | F66: OPTIK | G66: MSG | H66: 14+096
A67: 11 | B67: TRA11836 | C67: OTB.2.ER.MSG | D67: OTB 2 ER MASENG | E67: MEDIA | F67: OPTIK | G67: MSG | H67: 14+096
A68: 12 | B68: TRA11854 | C68: OTB.3.ER.MSG | D68: OTB 3 ER MASENG | E68: MEDIA | F68: OPTIK | G68: MSG | H68: 14+096
... A74: 18 | B74: TRA11859 | C74: OTB.3.ER.TLK.MSG | D74: OTB 3 ER TELKOM MASENG | E74: MEDIA | F74: OPTIK | G74: MSG | H74: 14+096
A75: PTDS = 1 (LUAR), 1 (DALAM), Fiber Optik = 2
A76: 1 | B76: TLK10755 | C76: WS.S23.MSG | D76: WS S23 MSG | E76: TD | F76: WS 3 Bulanan | G76: MSG | H76: 14+096
A77: Way Station 3 Bulanan = 1

Sheet CGB
A1: STASIUN IB CIGOMBONG
A3: No. | B3: Functional Loc. | C3: No. K A I | D3: Description | E3: Catalog profile | F3: Jenis Perawatan | G3: Lokasi | H3: KM.
A4: 1 | B4: CDA10148 | C4: GST.ER.SYL.IB.CGB | D4: GENSET ER SINYAL CGB | E4: CD | F4: Catu Daya | G4: CGB | H4: 19+620
A5: 2 | B5: CDA10254 | C5: UPS.ER.SYL.IB.CGB | D5: UPS ER SINYAL CGB | E5: CD | F5: Catu Daya | G5: CGB | H5: 19+620
A6: 3 | B6: CDA10393 | C6: BATT.ER.SYL.IB.CGB | D6: BATTERE ER SINYAL CGB | E6: CD | F6: Catu Daya | G6: CGB | H6: 19+620
A7: Catu Daya = 1
A8: 1 | B8: AXL11581 | C8: AXC.ZP101A.MSG-CCR | D8: AXLE COUNTER ZP 101A MSG - CCR | E8: SE | F8: Deteksi KA | G8: CGB | H8: 18+000
A9: 2 | B9: AXL11582 | C9: AXC.ZP101B.MSG-CCR | D9: AXLE COUNTER ZP 101B MSG - CCR | E9: SE | F9: Deteksi KA | G9: CGB | H9: 19+705
A10: 3 | B10: AXL11583 | C10: AXC.ZP201A.CCR-MSG | D10: AXLE COUNTER ZP 201A CCR - MSG | E10: SE | F10: Deteksi KA | G10: CGB | H10: 19+395
A11: 4 | B11: AXL11584 | C11: AXC.ZP201B.CCR-MSG | D11: AXLE COUNTER ZP 201B CCR - MSG | E11: SE | F11: Deteksi KA | G11: CGB | H11: 21+298
A12: Deteksi KA = 4
A13: 1 | B13: INB10524 | C13: IB.SIL.SAFE4000.CGB | D13: INTERMEDIATE BLOK SIL SAFE 4000 CGB | E13: SE | F13: PDSE | G13: CGB | H13: 19+585
A14: 2 | B14: TRA11234 | C14: BANG.ER.IB.SYL.CGB | D14: BANGUNAN ER IB SINYAL CGB | E14: BANG | F14: PDSE | G14: CGB | H14: 19+620
A15: PDSE = 1
A16: 1 | B16: SIN11753 | C16: MB101.MSG-CCR | D16: SINYAL MUKA BLOK MB101 MSG - CCR | E16: SE | F16: Peraga Sinyal | G16: CGB | H16: 18+200
A17: 2 | B17: SIN11754 | C17: B101.MSG-CCR | D17: SINYAL BLOK B101 MSG - CCR | E17: SE | F17: Peraga Sinyal | G17: CGB | H17: 19+700
A18: 3 | B18: SIN11756 | C18: B201.CCR-MSG | D18: SINYAL BLOK B201 CCR - MSG | E18: SE | F18: Peraga Sinyal | G18: CGB | H18: 19+450
A19: 4 | B19: SIN11757 | C19: MB201.CCR-MSG | D19: SINYAL MUKA BLOK MB201 CCR - MSG | E19: SE | F19: Peraga Sinyal | G19: CGB | H19: 21+098
A20: Peraga Sinyal Elektrik = 4
A21: 1 | B21: JPL10493 | C21: TELEPON.JPL.15.MSG-CCR | D21: PESAWAT TELEPON JPL 15 MSG - CCR | E21: JPL | F21: Pintu Perlintasan | G21: CGB | H21: 19+166
A22: 2 | B22: JPL10494 | C22: TELEPON.JPL.16.MSG-CCR | D22: PESAWAT TELEPON JPL 16 MSG - CCR | E22: JPL | F22: Pintu Perlintasan | G22: CGB | H22: 20+187
A23: 3 | B23: JPL10495 | C23: JPLE.15.MSG-CCR | D23: JPL ELEKTRIK NO 15 MSG - CCR | E23: JPL | F23: Pintu Perlintasan | G23: CGB | H23: 19+166
A24: 4 | B24: JPL10496 | C24: JPLE.16.MSG-CCR | D24: JPL ELEKTRIK NO 16 MSG - CCR | E24: JPL | F24: Pintu Perlintasan | G24: CGB | H24: 20+187
A25: 5 | B25: JPL10510 | C25: GENTANIK.JPL15.MSG-CCR | D25: GENTANIK JPL 15 MSG - CCR | E25: JPL | F25: Pintu Perlintasan | G25: CGB | H25: 19+166
A26: 6 | B26: JPL10511 | C26: GENTANIK.JPL16.MSG-CCR | D26: GENTANIK JPL 16 MSG - CCR | E26: JPL | F26: Pintu Perlintasan | G26: CGB | H26: 20+187
A27: 7 | B27: TRA11355 | C27: OTB.FO.JPL15.CGB | D27: OTB FO JPL 15 CGB | E27: MEDIA | F27: OPTIK | G27: CGB | H27: 19+166
A28: 8 | B28: TRA11356 | C28: OTB.FO.JPL16.CGB | D28: OTB FO JPL 16 CGB | E28: MEDIA | F28: OPTIK | G28: CGB | H28: 20+187
A29: Pintu Perlintasan = 2, PTPP = 2, Fiber Optik = 2
A30: 1 | B30: TLK10663 | C30: TELP.TOKA.CGB | D30: PESAWAT TOKA CGB | E30: TELP | F30: PTDS | G30: CGB | H30: 19+620
A31: 2 | B31: TLK10752 | C31: PSW.TLP.ER.IB.CGB | D31: PESAWAT TELEPON ER IB CGB | E31: TELP | F31: PTDS | G31: CGB | H31: 19+620
A32: 3 | B32: TRA10133 | C32: MUX.FO.CGB | D32: MULTIPLEX CGB | E32: PT | F32: PTLS | G32: CGB | H32: 19+620
A33: 4 | B33: TWR10056 | C33: TWR.RAD.CGB | D33: TOWER RADIO CGB | E33: TOWER | F33: PTLS | G33: CGB | H33: 19+622
A34: 5 | B34: TRA11576 | C34: BANG.ER.CGB | D34: BANGUNAN ER TELKOM CGB | E34: BANG | F34: PTLS | G34: CGB | H34: 19+622
A35: 6 | B35: TRA11798 | C35: OTB.1.ER.CGB | D35: OTB 1 ER CIGOMBONG | E35: MEDIA | F35: OPTIK | G35: CGB | H35: 19+620
A36: 7 | B36: TRA11832 | C36: OTB.2.ER.CGB | D36: OTB 2 ER CIGOMBONG | E36: MEDIA | F36: OPTIK | G36: CGB | H36: 19+620
A37: 8 | B37: TRA11851 | C37: OTB.3.ER.CGB | D37: OTB 3 ER CIGOMBONG | E37: MEDIA | F37: OPTIK | G37: CGB | H37: 19+620
A38: 9 | B38: TRA11865 | C38: OTB.4.ER.CGB | D38: OTB 4 ER CIGOMBONG | E38: MEDIA | F38: OPTIK | G38: CGB | H38: 19+620
A39: 10 | B39: TRA11874 | C39: OTB.5.ER.CGB | D39: OTB 5 ER CIGOMBONG | E39: MEDIA | F39: OPTIK | G39: CGB | H39: 19+620
A40: 11 | B40: TRA11804 | C40: OTB.1.ER.TLK.CGB | D40: OTB 1 ER TELKOM CIGOMBONG | E40: MEDIA | F40: OPTIK | G40: CGB | H40: 19+620
A41: 12 | B41: TRA11839 | C41: OTB.2.ER.TLK.CGB | D41: OTB 2 ER TELKOM CIGOMBONG | E41: MEDIA | F41: OPTIK | G41: CGB | H41: 19+620
A42: 13 | B42: TRA11857 | C42: OTB.3.ER.TLK.CGB | D42: OTB 3 ER TELKOM CIGOMBONG | E42: MEDIA | F42: OPTIK | G42: CGB | H42: 19+620
A43: PTDS = 1 (LUAR), 1 (DALAM), Fiber Optik = 2
A44: 1 | B44: TLK10664 | C44: BS.S23.CGB | D44: BASE STATION ANALOG S23 CGB | E44: TD | F44: PTDS | G44: CGB | H44: 19+620
A45: Base Station 6 Bulanan = 1

Sheet ALL 07,01,2026
A1: Functional Loc. | B1: No. K A I | C1: Description | D1: Catalog profile | E1: System status | F1: Mulai Dinas | G1: Main WorkCtr | H1: SupFunctLoc.
A2: AXL11468 | B2: AXC.ZP60.BOO | C2: AXLE COUNTER ZP 60 BOO | D2: SE | E2: CRTE | F2: 44650 | G2: S1.21 | H2: JAKBOOD01-THU1-ST_BOO-SDF001
A3: AXL11469 | B3: AXC.ZP61.BOO | C3: AXLE COUNTER ZP 61 BOO | D3: SE | E3: CRTE | F3: 44650 | G3: S1.21 | H3: JAKBOOD01-THU1-ST_BOO-SDF002
A4: AXL11470 | B4: AXC.ZP62A.BOO | C4: AXLE COUNTER ZP 62A BOO | D4: SE | E4: CRTE | F4: 44650 | G4: S1.21 | H4: JAKBOOD01-THU1-ST_BOO-SDF003
A5: AXL11471 | B5: AXC.ZP42C.BOO | C5: AXLE COUNTER ZP 42C BOO | D5: SE | E5: CRTE | F5: 44650 | G5: S1.21 | H5: JAKBOOD01-THU1-ST_BOO-SDF004
A6: AXL11472 | B6: AXC.ZP41.BOO | C6: AXLE COUNTER ZP 41 BOO | D6: SE | E6: CRTE | F6: 44650 | G6: S1.21 | H6: JAKBOOD01-THU1-ST_BOO-SDF005
A7: AXL11473 | B7: AXC.ZP42A.BOO | C7: AXLE COUNTER ZP 42A BOO | D7: SE | E7: CRTE | F7: 44650 | G7: S1.21 | H7: JAKBOOD01-THU1-ST_BOO-SDF006
A8: AXL11474 | B8: AXC.ZP42B.BOO | C8: AXLE COUNTER ZP 42B BOO | D8: SE | E8: CRTE | F8: 44650 | G8: S1.21 | H8: JAKBOOD01-THU1-ST_BOO-SDF007
A9: AXL11475 | B9: AXC.ZP62B.BOO | C9: AXLE COUNTER ZP 62B BOO | D9: SE | E9: CRTE | F9: 44650 | G9: S1.21 | H9: JAKBOOD01-THU1-ST_BOO-SDF008
A10: AXL11476 | B10: AXC.ZP23A.BOO | C10: AXLE COUNTER ZP 23A BOO | D10: SE | E10: CRTE | F10: 44650 | G10: S1.21 | H10: JAKBOOD01-THU1-ST_BOO-SDF009
A11: AXL11477 | B11: AXC.ZP23B.BOO | C11: AXLE COUNTER ZP 23B BOO | D11: SE | E11: CRTE | F11: 44650 | G11: S1.21 | H11: JAKBOOD01-THU1-ST_BOO-SDF010
A12: AXL11478 | B12: AXC.ZP24B.BOO | C12: AXLE COUNTER ZP 24B BOO | D12: SE | E12: CRTE | F12: 44650 | G12: S1.21 | H12: JAKBOOD01-THU1-ST_BOO-SDF011
A13: AXL11479 | B13: AXC.ZP24A.BOO | C13: AXLE COUNTER ZP 24A BOO | D13: SE | E13: CRTE | F13: 44650 | G13: S1.21 | H13: JAKBOOD01-THU1-ST_BOO-SDF012
... A140: AXL11707 | B140: AXC.ZP10B.CLT | C140: AXLE COUNTER ZP 10B CLT | D140: SE | E140: CRTE | F140: 44819 | G140: S1.21 | H140: JAKBOOD01-THU1-ST_CLT-SDF014
A141: BOOYK_D01-THU1-ST_MSG-SBF006 | C141: SINYAL MASUK J10 MSG | D141: SE | E141: CRTE | F141: 44660 | G141: S1.21 | H141: BOOYK_D01-THU1-ST_MSG
A142: CDA10061 | C142: CATU DAYA ER SINYAL BOO | D142: CD | E142: INAC | F142: 44650 | G142: S1.21
A143: CDA10062 | C143: CATU DAYA ER SINYAL BOP | D143: CD | E143: INAC | F143: 44660 | G143: S1.21
A144: CDA10063 | C144: CATU DAYA ER SINYAL BTT | D144: CD | E144: INAC | F144: 44660 | G144: S1.21
A145: CDA10064 | C145: CATU DAYA ER SINYAL IB COS | D145: CD | E145: INAC | F145: 44660 | G145: S1.21
A146: CDA10065 | C146: CATU DAYA ER SINYAL MSG | D146: CD | E146: INAC | F146: 44660 | G146: S1.21
A147: CDA10066 | C147: CATU DAYA ER SINYAL IB CGB | D147: CD | E147: INAC | F147: 44660 | G147: S1.21
A148: CDA10068 | C148: CATU DAYA ER RADIO CIOMAS | D148: CD | E148: INAC | F148: 44660 | G148: S1.21
A149: CDA10069 | C149: CATU DAYA ER SINYAL CLT | D149: CD | E149: INAC | F149: 44819 | G149: S1.21
A150: CDA10070 | C150: GENSET ER SINYAL CLT | D150: CD | E150: INAC | F150: 44819 | G150: S1.21
A151: CDA10136 | B151: GST.RXX.BOO | C151: GENSET ER RADIO BOO | D151: CD | E151: CRTE | F151: 32874 | G151: S1.21 | H151: ST_BOOD01-BR
A152: CDA10137 | B152: GST.ER.RADIO.COS | C152: GENSET ER RADIO CS | D152: CD | E152: CRTE | F152: 44660 | G152: S1.21 | H152: ST_CS_D01-BR
A153: CDA10145 | B153: GST.ER.SYL.BOO | C153: GENSET ER SINYAL BOO | D153: CD | E153: CRTE | F153: 44650 | G153: S1.21 | H153: ST_BOOD01-ER
A154: CDA10146 | B154: GST.ER.RADIO.BOP | C154: GENSET ER SINYAL BOP | D154: CD | E154: CRTE | F154: 44660 | G154: S1.21 | H154: ST_BOPD01-ER
A155: CDA10147 | B155: GST.ER.SYL.BTT | C155: GENSET ER SINYAL BTT | D155: CD | E155: CRTE | F155: 44660 | G155: S1.21 | H155: ST_BTTD01-ER
A156: CDA10148 | B156: GST.ER.SYL.IB.CGB | C156: GENSET ER SINYAL CGB | D156: CD | E156: CRTE | F156: 44660 | G156: S1.21 | H156: ST_CGBD01-ER
A157: CDA10150 | B157: GST.ER.SYL.IB.COM | C157: GENSET ER SINYAL CS | D157: CD | E157: CRTE | F157: 44660 | G157: S1.21 | H157: ST_CS_D01-ER
A158: CDA10151 | B158: GST.ER.SYL.CLT | C158: GENSET ER SINYAL CLT | D158: CD | E158: CRTE | F158: 44819 | G158: S1.21 | H158: ST_CLTD01-ER
A159: CDA10154 | B159: GST.ER.SYL.MSG | C159: GENSET ER SINYAL MSG | D159: CD | E159: CRTE | F159: 44660 | G159: S1.21 | H159: ST_MSGD01-ER
A160: CDA10246 | B160: UPS.RXX.BOO | C160: UPS ER RADIO BOO | D160: CD | E160: CRTE | F160: 32874 | G160: S1.21 | H160: ST_BOOD01-BR
A161: CDA10247 | B161: UPS.ER.RADIO.COS | C161: UPS ER RADIO CS | D161: CD | E161: CRTE | F161: 44660 | G161: S1.21 | H161: ST_CS_D01-BR
A162: CDA10251 | B162: UPS.ER.SYL.BOO | C162: UPS ER SINYAL BOO | D162: CD | E162: CRTE | F162: 44650 | G162: S1.21 | H162: ST_BOOD01-ER
... A177: CDA10396 | B177: BATT.ER.SYL.MSG | C177: BATTERE ER SINYAL MSG | D177: CD | E177: CRTE | F177: 44660 | G177: S1.21 | H177: ST_MSGD01-ER
A178: INB10008 | B178: KD.CDG-KEN | C178: KONTAK DETEKSI BTT DARI BOO | D178: SM | E178: INAC | G178: S1.21
